id,ras_name,start,end
0,flood_WM_S1A_IW_GRDH_1SDV_20170831T001029_20170831T001054_018160_01E82D_0776_crop_109.tif,20170831T001029,20170831T001054
1,flood_WM_S1A_IW_GRDH_1SDV_20170831T001029_20170831T001054_018160_01E82D_0776_crop_65.tif,20170831T001029,20170831T001054
2,flood_WM_S1A_IW_GRDH_1SDV_20170831T001029_20170831T001054_018160_01E82D_0776_crop_175.tif,20170831T001029,20170831T001054
3,flood_WM_S1A_IW_GRDH_1SDV_20170831T001029_20170831T001054_018160_01E82D_0776_crop_19.tif,20170831T001029,20170831T001054
4,flood_WM_S1A_IW_GRDH_1SDV_20170831T001029_20170831T001054_018160_01E82D_0776_crop_172.tif,20170831T001029,20170831T001054
5,flood_WM_S1A_IW_GRDH_1SDV_20170831T001029_20170831T001054_018160_01E82D_0776_crop_219.tif,20170831T001029,20170831T001054
6,flood_WM_S1A_IW_GRDH_1SDV_20170831T001029_20170831T001054_018160_01E82D_0776_crop_62.tif,20170831T001029,20170831T001054
7,flood_WM_S1A_IW_GRDH_1SDV_20170831T001029_20170831T001054_018160_01E82D_0776_crop_10.tif,20170831T001029,20170831T001054
8,flood_WM_S1A_IW_GRDH_1SDV_20170831T001029_20170831T001054_018160_01E82D_0776_crop_217.tif,20170831T001029,20170831T001054
9,flood_WM_S1A_IW_GRDH_1SDV_20170831T001029_20170831T001054_018160_01E82D_0776_crop_100.tif,20170831T001029,20170831T001054
10,flood_WM_S1A_IW_GRDH_1SDV_20170831T001029_20170831T001054_018160_01E82D_0776_crop_210.tif,20170831T001029,20170831T001054
11,flood_WM_S1A_IW_GRDH_1SDV_20170831T001029_20170831T001054_018160_01E82D_0776_crop_107.tif,20170831T001029,20170831T001054
12,flood_WM_S1A_IW_GRDH_1SDV_20170831T001029_20170831T001054_018160_01E82D_0776_crop_17.tif,20170831T001029,20170831T001054
13,flood_WM_S1A_IW_GRDH_1SDV_20170831T001029_20170831T001054_018160_01E82D_0776_crop_132.tif,20170831T001029,20170831T001054
14,flood_WM_S1A_IW_GRDH_1SDV_20170831T001029_20170831T001054_018160_01E82D_0776_crop_225.tif,20170831T001029,20170831T001054
15,flood_WM_S1A_IW_GRDH_1SDV_20170831T001029_20170831T001054_018160_01E82D_0776_crop_22.tif,20170831T001029,20170831T001054
16,flood_WM_S1A_IW_GRDH_1SDV_20170831T001029_20170831T001054_018160_01E82D_0776_crop_149.tif,20170831T001029,20170831T001054
17,flood_WM_S1A_IW_GRDH_1SDV_20170831T001029_20170831T001054_018160_01E82D_0776_crop_198.tif,20170831T001029,20170831T001054
18,flood_WM_S1A_IW_GRDH_1SDV_20170831T001029_20170831T001054_018160_01E82D_0776_crop_25.tif,20170831T001029,20170831T001054
19,flood_WM_S1A_IW_GRDH_1SDV_20170831T001029_20170831T001054_018160_01E82D_0776_crop_135.tif,20170831T001029,20170831T001054
20,flood_WM_S1A_IW_GRDH_1SDV_20170831T001029_20170831T001054_018160_01E82D_0776_crop_222.tif,20170831T001029,20170831T001054
21,flood_WM_S1A_IW_GRDH_1SDV_20170831T001029_20170831T001054_018160_01E82D_0776_crop_88.tif,20170831T001029,20170831T001054
22,flood_WM_S1A_IW_GRDH_1SDV_20170831T001029_20170831T001054_018160_01E82D_0776_crop_59.tif,20170831T001029,20170831T001054
23,flood_WM_S1A_IW_GRDH_1SDV_20170831T001029_20170831T001054_018160_01E82D_0776_crop_147.tif,20170831T001029,20170831T001054
24,flood_WM_S1A_IW_GRDH_1SDV_20170831T001029_20170831T001054_018160_01E82D_0776_crop_196.tif,20170831T001029,20170831T001054
25,flood_WM_S1A_IW_GRDH_1SDV_20170831T001029_20170831T001054_018160_01E82D_0776_crop_86.tif,20170831T001029,20170831T001054
26,flood_WM_S1A_IW_GRDH_1SDV_20170831T001029_20170831T001054_018160_01E82D_0776_crop_57.tif,20170831T001029,20170831T001054
27,flood_WM_S1A_IW_GRDH_1SDV_20170831T001029_20170831T001054_018160_01E82D_0776_crop_81.tif,20170831T001029,20170831T001054
28,flood_WM_S1A_IW_GRDH_1SDV_20170831T001029_20170831T001054_018160_01E82D_0776_crop_50.tif,20170831T001029,20170831T001054
29,flood_WM_S1A_IW_GRDH_1SDV_20170831T001029_20170831T001054_018160_01E82D_0776_crop_140.tif,20170831T001029,20170831T001054
30,flood_WM_S1A_IW_GRDH_1SDV_20170831T001029_20170831T001054_018160_01E82D_0776_crop_191.tif,20170831T001029,20170831T001054
31,flood_WM_S1A_IW_GRDH_1SDV_20170831T001029_20170831T001054_018160_01E82D_0776_crop_41.tif,20170831T001029,20170831T001054
32,flood_WM_S1A_IW_GRDH_1SDV_20170831T001029_20170831T001054_018160_01E82D_0776_crop_90.tif,20170831T001029,20170831T001054
33,flood_WM_S1A_IW_GRDH_1SDV_20170831T001029_20170831T001054_018160_01E82D_0776_crop_3.tif,20170831T001029,20170831T001054
34,flood_WM_S1A_IW_GRDH_1SDV_20170831T001029_20170831T001054_018160_01E82D_0776_crop_180.tif,20170831T001029,20170831T001054
35,flood_WM_S1A_IW_GRDH_1SDV_20170831T001029_20170831T001054_018160_01E82D_0776_crop_151.tif,20170831T001029,20170831T001054
36,flood_WM_S1A_IW_GRDH_1SDV_20170831T001029_20170831T001054_018160_01E82D_0776_crop_241.tif,20170831T001029,20170831T001054
37,flood_WM_S1A_IW_GRDH_1SDV_20170831T001029_20170831T001054_018160_01E82D_0776_crop_187.tif,20170831T001029,20170831T001054
38,flood_WM_S1A_IW_GRDH_1SDV_20170831T001029_20170831T001054_018160_01E82D_0776_crop_156.tif,20170831T001029,20170831T001054
39,flood_WM_S1A_IW_GRDH_1SDV_20170831T001029_20170831T001054_018160_01E82D_0776_crop_46.tif,20170831T001029,20170831T001054
40,flood_WM_S1A_IW_GRDH_1SDV_20170831T001029_20170831T001054_018160_01E82D_0776_crop_97.tif,20170831T001029,20170831T001054
41,flood_WM_S1A_IW_GRDH_1SDV_20170831T001029_20170831T001054_018160_01E82D_0776_crop_4.tif,20170831T001029,20170831T001054
42,flood_WM_S1A_IW_GRDH_1SDV_20170831T001029_20170831T001054_018160_01E82D_0776_crop_34.tif,20170831T001029,20170831T001054
43,flood_WM_S1A_IW_GRDH_1SDV_20170831T001029_20170831T001054_018160_01E82D_0776_crop_189.tif,20170831T001029,20170831T001054
44,flood_WM_S1A_IW_GRDH_1SDV_20170831T001029_20170831T001054_018160_01E82D_0776_crop_158.tif,20170831T001029,20170831T001054
45,flood_WM_S1A_IW_GRDH_1SDV_20170831T001029_20170831T001054_018160_01E82D_0776_crop_48.tif,20170831T001029,20170831T001054
46,flood_WM_S1A_IW_GRDH_1SDV_20170831T001029_20170831T001054_018160_01E82D_0776_crop_99.tif,20170831T001029,20170831T001054
47,flood_WM_S1A_IW_GRDH_1SDV_20170831T001029_20170831T001054_018160_01E82D_0776_crop_233.tif,20170831T001029,20170831T001054
48,flood_WM_S1A_IW_GRDH_1SDV_20170831T001029_20170831T001054_018160_01E82D_0776_crop_124.tif,20170831T001029,20170831T001054
49,flood_WM_S1A_IW_GRDH_1SDV_20170831T001029_20170831T001054_018160_01E82D_0776_crop_234.tif,20170831T001029,20170831T001054
50,flood_WM_S1A_IW_GRDH_1SDV_20170831T001029_20170831T001054_018160_01E82D_0776_crop_123.tif,20170831T001029,20170831T001054
51,flood_WM_S1A_IW_GRDH_1SDV_20170831T001029_20170831T001054_018160_01E82D_0776_crop_33.tif,20170831T001029,20170831T001054
52,flood_WM_S1A_IW_GRDH_1SDV_20170831T001029_20170831T001054_018160_01E82D_0776_crop_116.tif,20170831T001029,20170831T001054
53,flood_WM_S1A_IW_GRDH_1SDV_20170831T001029_20170831T001054_018160_01E82D_0776_crop_201.tif,20170831T001029,20170831T001054
54,flood_WM_S1A_IW_GRDH_1SDV_20170831T001029_20170831T001054_018160_01E82D_0776_crop_111.tif,20170831T001029,20170831T001054
55,flood_WM_S1A_IW_GRDH_1SDV_20170831T001029_20170831T001054_018160_01E82D_0776_crop_206.tif,20170831T001029,20170831T001054
56,flood_WM_S1A_IW_GRDH_1SDV_20170831T001029_20170831T001054_018160_01E82D_0776_crop_163.tif,20170831T001029,20170831T001054
57,flood_WM_S1A_IW_GRDH_1SDV_20170831T001029_20170831T001054_018160_01E82D_0776_crop_73.tif,20170831T001029,20170831T001054
58,flood_WM_S1A_IW_GRDH_1SDV_20170831T001029_20170831T001054_018160_01E82D_0776_crop_208.tif,20170831T001029,20170831T001054
59,flood_WM_S1A_IW_GRDH_1SDV_20170831T001029_20170831T001054_018160_01E82D_0776_crop_74.tif,20170831T001029,20170831T001054
60,flood_WM_S1A_IW_GRDH_1SDV_20170831T001029_20170831T001054_018160_01E82D_0776_crop_118.tif,20170831T001029,20170831T001054
61,flood_WM_S1A_IW_GRDH_1SDV_20170831T001029_20170831T001054_018160_01E82D_0776_crop_164.tif,20170831T001029,20170831T001054
62,flood_WM_S1A_IW_GRDH_1SDV_20170831T001029_20170831T001054_018160_01E82D_0776_crop_80.tif,20170831T001029,20170831T001054
63,flood_WM_S1A_IW_GRDH_1SDV_20170831T001029_20170831T001054_018160_01E82D_0776_crop_51.tif,20170831T001029,20170831T001054
64,flood_WM_S1A_IW_GRDH_1SDV_20170831T001029_20170831T001054_018160_01E82D_0776_crop_141.tif,20170831T001029,20170831T001054
65,flood_WM_S1A_IW_GRDH_1SDV_20170831T001029_20170831T001054_018160_01E82D_0776_crop_190.tif,20170831T001029,20170831T001054
66,flood_WM_S1A_IW_GRDH_1SDV_20170831T001029_20170831T001054_018160_01E82D_0776_crop_146.tif,20170831T001029,20170831T001054
67,flood_WM_S1A_IW_GRDH_1SDV_20170831T001029_20170831T001054_018160_01E82D_0776_crop_197.tif,20170831T001029,20170831T001054
68,flood_WM_S1A_IW_GRDH_1SDV_20170831T001029_20170831T001054_018160_01E82D_0776_crop_87.tif,20170831T001029,20170831T001054
69,flood_WM_S1A_IW_GRDH_1SDV_20170831T001029_20170831T001054_018160_01E82D_0776_crop_56.tif,20170831T001029,20170831T001054
70,flood_WM_S1A_IW_GRDH_1SDV_20170831T001029_20170831T001054_018160_01E82D_0776_crop_148.tif,20170831T001029,20170831T001054
71,flood_WM_S1A_IW_GRDH_1SDV_20170831T001029_20170831T001054_018160_01E82D_0776_crop_199.tif,20170831T001029,20170831T001054
72,flood_WM_S1A_IW_GRDH_1SDV_20170831T001029_20170831T001054_018160_01E82D_0776_crop_24.tif,20170831T001029,20170831T001054
73,flood_WM_S1A_IW_GRDH_1SDV_20170831T001029_20170831T001054_018160_01E82D_0776_crop_134.tif,20170831T001029,20170831T001054
74,flood_WM_S1A_IW_GRDH_1SDV_20170831T001029_20170831T001054_018160_01E82D_0776_crop_223.tif,20170831T001029,20170831T001054
75,flood_WM_S1A_IW_GRDH_1SDV_20170831T001029_20170831T001054_018160_01E82D_0776_crop_89.tif,20170831T001029,20170831T001054
76,flood_WM_S1A_IW_GRDH_1SDV_20170831T001029_20170831T001054_018160_01E82D_0776_crop_58.tif,20170831T001029,20170831T001054
77,flood_WM_S1A_IW_GRDH_1SDV_20170831T001029_20170831T001054_018160_01E82D_0776_crop_133.tif,20170831T001029,20170831T001054
78,flood_WM_S1A_IW_GRDH_1SDV_20170831T001029_20170831T001054_018160_01E82D_0776_crop_224.tif,20170831T001029,20170831T001054
79,flood_WM_S1A_IW_GRDH_1SDV_20170831T001029_20170831T001054_018160_01E82D_0776_crop_23.tif,20170831T001029,20170831T001054
80,flood_WM_S1A_IW_GRDH_1SDV_20170831T001029_20170831T001054_018160_01E82D_0776_crop_211.tif,20170831T001029,20170831T001054
81,flood_WM_S1A_IW_GRDH_1SDV_20170831T001029_20170831T001054_018160_01E82D_0776_crop_106.tif,20170831T001029,20170831T001054
82,flood_WM_S1A_IW_GRDH_1SDV_20170831T001029_20170831T001054_018160_01E82D_0776_crop_16.tif,20170831T001029,20170831T001054
83,flood_WM_S1A_IW_GRDH_1SDV_20170831T001029_20170831T001054_018160_01E82D_0776_crop_11.tif,20170831T001029,20170831T001054
84,flood_WM_S1A_IW_GRDH_1SDV_20170831T001029_20170831T001054_018160_01E82D_0776_crop_216.tif,20170831T001029,20170831T001054
85,flood_WM_S1A_IW_GRDH_1SDV_20170831T001029_20170831T001054_018160_01E82D_0776_crop_101.tif,20170831T001029,20170831T001054
86,flood_WM_S1A_IW_GRDH_1SDV_20170831T001029_20170831T001054_018160_01E82D_0776_crop_173.tif,20170831T001029,20170831T001054
87,flood_WM_S1A_IW_GRDH_1SDV_20170831T001029_20170831T001054_018160_01E82D_0776_crop_218.tif,20170831T001029,20170831T001054
88,flood_WM_S1A_IW_GRDH_1SDV_20170831T001029_20170831T001054_018160_01E82D_0776_crop_63.tif,20170831T001029,20170831T001054
89,flood_WM_S1A_IW_GRDH_1SDV_20170831T001029_20170831T001054_018160_01E82D_0776_crop_108.tif,20170831T001029,20170831T001054
90,flood_WM_S1A_IW_GRDH_1SDV_20170831T001029_20170831T001054_018160_01E82D_0776_crop_64.tif,20170831T001029,20170831T001054
91,flood_WM_S1A_IW_GRDH_1SDV_20170831T001029_20170831T001054_018160_01E82D_0776_crop_174.tif,20170831T001029,20170831T001054
92,flood_WM_S1A_IW_GRDH_1SDV_20170831T001029_20170831T001054_018160_01E82D_0776_crop_18.tif,20170831T001029,20170831T001054
93,flood_WM_S1A_IW_GRDH_1SDV_20170831T001029_20170831T001054_018160_01E82D_0776_crop_75.tif,20170831T001029,20170831T001054
94,flood_WM_S1A_IW_GRDH_1SDV_20170831T001029_20170831T001054_018160_01E82D_0776_crop_119.tif,20170831T001029,20170831T001054
95,flood_WM_S1A_IW_GRDH_1SDV_20170831T001029_20170831T001054_018160_01E82D_0776_crop_165.tif,20170831T001029,20170831T001054
96,flood_WM_S1A_IW_GRDH_1SDV_20170831T001029_20170831T001054_018160_01E82D_0776_crop_162.tif,20170831T001029,20170831T001054
97,flood_WM_S1A_IW_GRDH_1SDV_20170831T001029_20170831T001054_018160_01E82D_0776_crop_72.tif,20170831T001029,20170831T001054
98,flood_WM_S1A_IW_GRDH_1SDV_20170831T001029_20170831T001054_018160_01E82D_0776_crop_209.tif,20170831T001029,20170831T001054
99,flood_WM_S1A_IW_GRDH_1SDV_20170831T001029_20170831T001054_018160_01E82D_0776_crop_110.tif,20170831T001029,20170831T001054
100,flood_WM_S1A_IW_GRDH_1SDV_20170831T001029_20170831T001054_018160_01E82D_0776_crop_207.tif,20170831T001029,20170831T001054
101,flood_WM_S1A_IW_GRDH_1SDV_20170831T001029_20170831T001054_018160_01E82D_0776_crop_117.tif,20170831T001029,20170831T001054
102,flood_WM_S1A_IW_GRDH_1SDV_20170831T001029_20170831T001054_018160_01E82D_0776_crop_200.tif,20170831T001029,20170831T001054
103,flood_WM_S1A_IW_GRDH_1SDV_20170831T001029_20170831T001054_018160_01E82D_0776_crop_235.tif,20170831T001029,20170831T001054
104,flood_WM_S1A_IW_GRDH_1SDV_20170831T001029_20170831T001054_018160_01E82D_0776_crop_122.tif,20170831T001029,20170831T001054
105,flood_WM_S1A_IW_GRDH_1SDV_20170831T001029_20170831T001054_018160_01E82D_0776_crop_32.tif,20170831T001029,20170831T001054
106,flood_WM_S1A_IW_GRDH_1SDV_20170831T001029_20170831T001054_018160_01E82D_0776_crop_35.tif,20170831T001029,20170831T001054
107,flood_WM_S1A_IW_GRDH_1SDV_20170831T001029_20170831T001054_018160_01E82D_0776_crop_188.tif,20170831T001029,20170831T001054
108,flood_WM_S1A_IW_GRDH_1SDV_20170831T001029_20170831T001054_018160_01E82D_0776_crop_159.tif,20170831T001029,20170831T001054
109,flood_WM_S1A_IW_GRDH_1SDV_20170831T001029_20170831T001054_018160_01E82D_0776_crop_49.tif,20170831T001029,20170831T001054
110,flood_WM_S1A_IW_GRDH_1SDV_20170831T001029_20170831T001054_018160_01E82D_0776_crop_98.tif,20170831T001029,20170831T001054
111,flood_WM_S1A_IW_GRDH_1SDV_20170831T001029_20170831T001054_018160_01E82D_0776_crop_232.tif,20170831T001029,20170831T001054
112,flood_WM_S1A_IW_GRDH_1SDV_20170831T001029_20170831T001054_018160_01E82D_0776_crop_125.tif,20170831T001029,20170831T001054
113,flood_WM_S1A_IW_GRDH_1SDV_20170831T001029_20170831T001054_018160_01E82D_0776_crop_240.tif,20170831T001029,20170831T001054
114,flood_WM_S1A_IW_GRDH_1SDV_20170831T001029_20170831T001054_018160_01E82D_0776_crop_186.tif,20170831T001029,20170831T001054
115,flood_WM_S1A_IW_GRDH_1SDV_20170831T001029_20170831T001054_018160_01E82D_0776_crop_157.tif,20170831T001029,20170831T001054
116,flood_WM_S1A_IW_GRDH_1SDV_20170831T001029_20170831T001054_018160_01E82D_0776_crop_47.tif,20170831T001029,20170831T001054
117,flood_WM_S1A_IW_GRDH_1SDV_20170831T001029_20170831T001054_018160_01E82D_0776_crop_96.tif,20170831T001029,20170831T001054
118,flood_WM_S1A_IW_GRDH_1SDV_20170831T001029_20170831T001054_018160_01E82D_0776_crop_5.tif,20170831T001029,20170831T001054
119,flood_WM_S1A_IW_GRDH_1SDV_20170831T001029_20170831T001054_018160_01E82D_0776_crop_40.tif,20170831T001029,20170831T001054
120,flood_WM_S1A_IW_GRDH_1SDV_20170831T001029_20170831T001054_018160_01E82D_0776_crop_91.tif,20170831T001029,20170831T001054
121,flood_WM_S1A_IW_GRDH_1SDV_20170831T001029_20170831T001054_018160_01E82D_0776_crop_2.tif,20170831T001029,20170831T001054
122,flood_WM_S1A_IW_GRDH_1SDV_20170831T001029_20170831T001054_018160_01E82D_0776_crop_181.tif,20170831T001029,20170831T001054
123,flood_WM_S1A_IW_GRDH_1SDV_20170831T001029_20170831T001054_018160_01E82D_0776_crop_150.tif,20170831T001029,20170831T001054
124,flood_WM_S1A_IW_GRDH_1SDV_20170831T001029_20170831T001054_018160_01E82D_0776_crop_161.tif,20170831T001029,20170831T001054
125,flood_WM_S1A_IW_GRDH_1SDV_20170831T001029_20170831T001054_018160_01E82D_0776_crop_71.tif,20170831T001029,20170831T001054
126,flood_WM_S1A_IW_GRDH_1SDV_20170831T001029_20170831T001054_018160_01E82D_0776_crop_76.tif,20170831T001029,20170831T001054
127,flood_WM_S1A_IW_GRDH_1SDV_20170831T001029_20170831T001054_018160_01E82D_0776_crop_166.tif,20170831T001029,20170831T001054
128,flood_WM_S1A_IW_GRDH_1SDV_20170831T001029_20170831T001054_018160_01E82D_0776_crop_78.tif,20170831T001029,20170831T001054
129,flood_WM_S1A_IW_GRDH_1SDV_20170831T001029_20170831T001054_018160_01E82D_0776_crop_114.tif,20170831T001029,20170831T001054
130,flood_WM_S1A_IW_GRDH_1SDV_20170831T001029_20170831T001054_018160_01E82D_0776_crop_203.tif,20170831T001029,20170831T001054
131,flood_WM_S1A_IW_GRDH_1SDV_20170831T001029_20170831T001054_018160_01E82D_0776_crop_168.tif,20170831T001029,20170831T001054
132,flood_WM_S1A_IW_GRDH_1SDV_20170831T001029_20170831T001054_018160_01E82D_0776_crop_113.tif,20170831T001029,20170831T001054
133,flood_WM_S1A_IW_GRDH_1SDV_20170831T001029_20170831T001054_018160_01E82D_0776_crop_204.tif,20170831T001029,20170831T001054
134,flood_WM_S1A_IW_GRDH_1SDV_20170831T001029_20170831T001054_018160_01E82D_0776_crop_36.tif,20170831T001029,20170831T001054
135,flood_WM_S1A_IW_GRDH_1SDV_20170831T001029_20170831T001054_018160_01E82D_0776_crop_231.tif,20170831T001029,20170831T001054
136,flood_WM_S1A_IW_GRDH_1SDV_20170831T001029_20170831T001054_018160_01E82D_0776_crop_8.tif,20170831T001029,20170831T001054
137,flood_WM_S1A_IW_GRDH_1SDV_20170831T001029_20170831T001054_018160_01E82D_0776_crop_126.tif,20170831T001029,20170831T001054
138,flood_WM_S1A_IW_GRDH_1SDV_20170831T001029_20170831T001054_018160_01E82D_0776_crop_236.tif,20170831T001029,20170831T001054
139,flood_WM_S1A_IW_GRDH_1SDV_20170831T001029_20170831T001054_018160_01E82D_0776_crop_121.tif,20170831T001029,20170831T001054
140,flood_WM_S1A_IW_GRDH_1SDV_20170831T001029_20170831T001054_018160_01E82D_0776_crop_31.tif,20170831T001029,20170831T001054
141,flood_WM_S1A_IW_GRDH_1SDV_20170831T001029_20170831T001054_018160_01E82D_0776_crop_43.tif,20170831T001029,20170831T001054
142,flood_WM_S1A_IW_GRDH_1SDV_20170831T001029_20170831T001054_018160_01E82D_0776_crop_92.tif,20170831T001029,20170831T001054
143,flood_WM_S1A_IW_GRDH_1SDV_20170831T001029_20170831T001054_018160_01E82D_0776_crop_238.tif,20170831T001029,20170831T001054
144,flood_WM_S1A_IW_GRDH_1SDV_20170831T001029_20170831T001054_018160_01E82D_0776_crop_1.tif,20170831T001029,20170831T001054
145,flood_WM_S1A_IW_GRDH_1SDV_20170831T001029_20170831T001054_018160_01E82D_0776_crop_182.tif,20170831T001029,20170831T001054
146,flood_WM_S1A_IW_GRDH_1SDV_20170831T001029_20170831T001054_018160_01E82D_0776_crop_153.tif,20170831T001029,20170831T001054
147,flood_WM_S1A_IW_GRDH_1SDV_20170831T001029_20170831T001054_018160_01E82D_0776_crop_38.tif,20170831T001029,20170831T001054
148,flood_WM_S1A_IW_GRDH_1SDV_20170831T001029_20170831T001054_018160_01E82D_0776_crop_185.tif,20170831T001029,20170831T001054
149,flood_WM_S1A_IW_GRDH_1SDV_20170831T001029_20170831T001054_018160_01E82D_0776_crop_154.tif,20170831T001029,20170831T001054
150,flood_WM_S1A_IW_GRDH_1SDV_20170831T001029_20170831T001054_018160_01E82D_0776_crop_44.tif,20170831T001029,20170831T001054
151,flood_WM_S1A_IW_GRDH_1SDV_20170831T001029_20170831T001054_018160_01E82D_0776_crop_95.tif,20170831T001029,20170831T001054
152,flood_WM_S1A_IW_GRDH_1SDV_20170831T001029_20170831T001054_018160_01E82D_0776_crop_6.tif,20170831T001029,20170831T001054
153,flood_WM_S1A_IW_GRDH_1SDV_20170831T001029_20170831T001054_018160_01E82D_0776_crop_128.tif,20170831T001029,20170831T001054
154,flood_WM_S1A_IW_GRDH_1SDV_20170831T001029_20170831T001054_018160_01E82D_0776_crop_145.tif,20170831T001029,20170831T001054
155,flood_WM_S1A_IW_GRDH_1SDV_20170831T001029_20170831T001054_018160_01E82D_0776_crop_194.tif,20170831T001029,20170831T001054
156,flood_WM_S1A_IW_GRDH_1SDV_20170831T001029_20170831T001054_018160_01E82D_0776_crop_29.tif,20170831T001029,20170831T001054
157,flood_WM_S1A_IW_GRDH_1SDV_20170831T001029_20170831T001054_018160_01E82D_0776_crop_139.tif,20170831T001029,20170831T001054
158,flood_WM_S1A_IW_GRDH_1SDV_20170831T001029_20170831T001054_018160_01E82D_0776_crop_84.tif,20170831T001029,20170831T001054
159,flood_WM_S1A_IW_GRDH_1SDV_20170831T001029_20170831T001054_018160_01E82D_0776_crop_55.tif,20170831T001029,20170831T001054
160,flood_WM_S1A_IW_GRDH_1SDV_20170831T001029_20170831T001054_018160_01E82D_0776_crop_229.tif,20170831T001029,20170831T001054
161,flood_WM_S1A_IW_GRDH_1SDV_20170831T001029_20170831T001054_018160_01E82D_0776_crop_83.tif,20170831T001029,20170831T001054
162,flood_WM_S1A_IW_GRDH_1SDV_20170831T001029_20170831T001054_018160_01E82D_0776_crop_52.tif,20170831T001029,20170831T001054
163,flood_WM_S1A_IW_GRDH_1SDV_20170831T001029_20170831T001054_018160_01E82D_0776_crop_142.tif,20170831T001029,20170831T001054
164,flood_WM_S1A_IW_GRDH_1SDV_20170831T001029_20170831T001054_018160_01E82D_0776_crop_193.tif,20170831T001029,20170831T001054
165,flood_WM_S1A_IW_GRDH_1SDV_20170831T001029_20170831T001054_018160_01E82D_0776_crop_130.tif,20170831T001029,20170831T001054
166,flood_WM_S1A_IW_GRDH_1SDV_20170831T001029_20170831T001054_018160_01E82D_0776_crop_227.tif,20170831T001029,20170831T001054
167,flood_WM_S1A_IW_GRDH_1SDV_20170831T001029_20170831T001054_018160_01E82D_0776_crop_20.tif,20170831T001029,20170831T001054
168,flood_WM_S1A_IW_GRDH_1SDV_20170831T001029_20170831T001054_018160_01E82D_0776_crop_27.tif,20170831T001029,20170831T001054
169,flood_WM_S1A_IW_GRDH_1SDV_20170831T001029_20170831T001054_018160_01E82D_0776_crop_137.tif,20170831T001029,20170831T001054
170,flood_WM_S1A_IW_GRDH_1SDV_20170831T001029_20170831T001054_018160_01E82D_0776_crop_220.tif,20170831T001029,20170831T001054
171,flood_WM_S1A_IW_GRDH_1SDV_20170831T001029_20170831T001054_018160_01E82D_0776_crop_12.tif,20170831T001029,20170831T001054
172,flood_WM_S1A_IW_GRDH_1SDV_20170831T001029_20170831T001054_018160_01E82D_0776_crop_215.tif,20170831T001029,20170831T001054
173,flood_WM_S1A_IW_GRDH_1SDV_20170831T001029_20170831T001054_018160_01E82D_0776_crop_102.tif,20170831T001029,20170831T001054
174,flood_WM_S1A_IW_GRDH_1SDV_20170831T001029_20170831T001054_018160_01E82D_0776_crop_212.tif,20170831T001029,20170831T001054
175,flood_WM_S1A_IW_GRDH_1SDV_20170831T001029_20170831T001054_018160_01E82D_0776_crop_105.tif,20170831T001029,20170831T001054
176,flood_WM_S1A_IW_GRDH_1SDV_20170831T001029_20170831T001054_018160_01E82D_0776_crop_69.tif,20170831T001029,20170831T001054
177,flood_WM_S1A_IW_GRDH_1SDV_20170831T001029_20170831T001054_018160_01E82D_0776_crop_179.tif,20170831T001029,20170831T001054
178,flood_WM_S1A_IW_GRDH_1SDV_20170831T001029_20170831T001054_018160_01E82D_0776_crop_15.tif,20170831T001029,20170831T001054
179,flood_WM_S1A_IW_GRDH_1SDV_20170831T001029_20170831T001054_018160_01E82D_0776_crop_67.tif,20170831T001029,20170831T001054
180,flood_WM_S1A_IW_GRDH_1SDV_20170831T001029_20170831T001054_018160_01E82D_0776_crop_177.tif,20170831T001029,20170831T001054
181,flood_WM_S1A_IW_GRDH_1SDV_20170831T001029_20170831T001054_018160_01E82D_0776_crop_170.tif,20170831T001029,20170831T001054
182,flood_WM_S1A_IW_GRDH_1SDV_20170831T001029_20170831T001054_018160_01E82D_0776_crop_60.tif,20170831T001029,20170831T001054
183,flood_WM_S1A_IW_GRDH_1SDV_20170831T001029_20170831T001054_018160_01E82D_0776_crop_39.tif,20170831T001029,20170831T001054
184,flood_WM_S1A_IW_GRDH_1SDV_20170831T001029_20170831T001054_018160_01E82D_0776_crop_184.tif,20170831T001029,20170831T001054
185,flood_WM_S1A_IW_GRDH_1SDV_20170831T001029_20170831T001054_018160_01E82D_0776_crop_155.tif,20170831T001029,20170831T001054
186,flood_WM_S1A_IW_GRDH_1SDV_20170831T001029_20170831T001054_018160_01E82D_0776_crop_45.tif,20170831T001029,20170831T001054
187,flood_WM_S1A_IW_GRDH_1SDV_20170831T001029_20170831T001054_018160_01E82D_0776_crop_94.tif,20170831T001029,20170831T001054
188,flood_WM_S1A_IW_GRDH_1SDV_20170831T001029_20170831T001054_018160_01E82D_0776_crop_129.tif,20170831T001029,20170831T001054
189,flood_WM_S1A_IW_GRDH_1SDV_20170831T001029_20170831T001054_018160_01E82D_0776_crop_7.tif,20170831T001029,20170831T001054
190,flood_WM_S1A_IW_GRDH_1SDV_20170831T001029_20170831T001054_018160_01E82D_0776_crop_42.tif,20170831T001029,20170831T001054
191,flood_WM_S1A_IW_GRDH_1SDV_20170831T001029_20170831T001054_018160_01E82D_0776_crop_93.tif,20170831T001029,20170831T001054
192,flood_WM_S1A_IW_GRDH_1SDV_20170831T001029_20170831T001054_018160_01E82D_0776_crop_239.tif,20170831T001029,20170831T001054
193,flood_WM_S1A_IW_GRDH_1SDV_20170831T001029_20170831T001054_018160_01E82D_0776_crop_183.tif,20170831T001029,20170831T001054
194,flood_WM_S1A_IW_GRDH_1SDV_20170831T001029_20170831T001054_018160_01E82D_0776_crop_152.tif,20170831T001029,20170831T001054
195,flood_WM_S1A_IW_GRDH_1SDV_20170831T001029_20170831T001054_018160_01E82D_0776_crop_237.tif,20170831T001029,20170831T001054
196,flood_WM_S1A_IW_GRDH_1SDV_20170831T001029_20170831T001054_018160_01E82D_0776_crop_120.tif,20170831T001029,20170831T001054
197,flood_WM_S1A_IW_GRDH_1SDV_20170831T001029_20170831T001054_018160_01E82D_0776_crop_30.tif,20170831T001029,20170831T001054
198,flood_WM_S1A_IW_GRDH_1SDV_20170831T001029_20170831T001054_018160_01E82D_0776_crop_37.tif,20170831T001029,20170831T001054
199,flood_WM_S1A_IW_GRDH_1SDV_20170831T001029_20170831T001054_018160_01E82D_0776_crop_230.tif,20170831T001029,20170831T001054
200,flood_WM_S1A_IW_GRDH_1SDV_20170831T001029_20170831T001054_018160_01E82D_0776_crop_127.tif,20170831T001029,20170831T001054
201,flood_WM_S1A_IW_GRDH_1SDV_20170831T001029_20170831T001054_018160_01E82D_0776_crop_9.tif,20170831T001029,20170831T001054
202,flood_WM_S1A_IW_GRDH_1SDV_20170831T001029_20170831T001054_018160_01E82D_0776_crop_112.tif,20170831T001029,20170831T001054
203,flood_WM_S1A_IW_GRDH_1SDV_20170831T001029_20170831T001054_018160_01E82D_0776_crop_205.tif,20170831T001029,20170831T001054
204,flood_WM_S1A_IW_GRDH_1SDV_20170831T001029_20170831T001054_018160_01E82D_0776_crop_79.tif,20170831T001029,20170831T001054
205,flood_WM_S1A_IW_GRDH_1SDV_20170831T001029_20170831T001054_018160_01E82D_0776_crop_115.tif,20170831T001029,20170831T001054
206,flood_WM_S1A_IW_GRDH_1SDV_20170831T001029_20170831T001054_018160_01E82D_0776_crop_202.tif,20170831T001029,20170831T001054
207,flood_WM_S1A_IW_GRDH_1SDV_20170831T001029_20170831T001054_018160_01E82D_0776_crop_169.tif,20170831T001029,20170831T001054
208,flood_WM_S1A_IW_GRDH_1SDV_20170831T001029_20170831T001054_018160_01E82D_0776_crop_77.tif,20170831T001029,20170831T001054
209,flood_WM_S1A_IW_GRDH_1SDV_20170831T001029_20170831T001054_018160_01E82D_0776_crop_167.tif,20170831T001029,20170831T001054
210,flood_WM_S1A_IW_GRDH_1SDV_20170831T001029_20170831T001054_018160_01E82D_0776_crop_160.tif,20170831T001029,20170831T001054
211,flood_WM_S1A_IW_GRDH_1SDV_20170831T001029_20170831T001054_018160_01E82D_0776_crop_70.tif,20170831T001029,20170831T001054
212,flood_WM_S1A_IW_GRDH_1SDV_20170831T001029_20170831T001054_018160_01E82D_0776_crop_171.tif,20170831T001029,20170831T001054
213,flood_WM_S1A_IW_GRDH_1SDV_20170831T001029_20170831T001054_018160_01E82D_0776_crop_61.tif,20170831T001029,20170831T001054
214,flood_WM_S1A_IW_GRDH_1SDV_20170831T001029_20170831T001054_018160_01E82D_0776_crop_66.tif,20170831T001029,20170831T001054
215,flood_WM_S1A_IW_GRDH_1SDV_20170831T001029_20170831T001054_018160_01E82D_0776_crop_176.tif,20170831T001029,20170831T001054
216,flood_WM_S1A_IW_GRDH_1SDV_20170831T001029_20170831T001054_018160_01E82D_0776_crop_213.tif,20170831T001029,20170831T001054
217,flood_WM_S1A_IW_GRDH_1SDV_20170831T001029_20170831T001054_018160_01E82D_0776_crop_104.tif,20170831T001029,20170831T001054
218,flood_WM_S1A_IW_GRDH_1SDV_20170831T001029_20170831T001054_018160_01E82D_0776_crop_68.tif,20170831T001029,20170831T001054
219,flood_WM_S1A_IW_GRDH_1SDV_20170831T001029_20170831T001054_018160_01E82D_0776_crop_178.tif,20170831T001029,20170831T001054
220,flood_WM_S1A_IW_GRDH_1SDV_20170831T001029_20170831T001054_018160_01E82D_0776_crop_14.tif,20170831T001029,20170831T001054
221,flood_WM_S1A_IW_GRDH_1SDV_20170831T001029_20170831T001054_018160_01E82D_0776_crop_13.tif,20170831T001029,20170831T001054
222,flood_WM_S1A_IW_GRDH_1SDV_20170831T001029_20170831T001054_018160_01E82D_0776_crop_214.tif,20170831T001029,20170831T001054
223,flood_WM_S1A_IW_GRDH_1SDV_20170831T001029_20170831T001054_018160_01E82D_0776_crop_103.tif,20170831T001029,20170831T001054
224,flood_WM_S1A_IW_GRDH_1SDV_20170831T001029_20170831T001054_018160_01E82D_0776_crop_26.tif,20170831T001029,20170831T001054
225,flood_WM_S1A_IW_GRDH_1SDV_20170831T001029_20170831T001054_018160_01E82D_0776_crop_136.tif,20170831T001029,20170831T001054
226,flood_WM_S1A_IW_GRDH_1SDV_20170831T001029_20170831T001054_018160_01E82D_0776_crop_221.tif,20170831T001029,20170831T001054
227,flood_WM_S1A_IW_GRDH_1SDV_20170831T001029_20170831T001054_018160_01E82D_0776_crop_131.tif,20170831T001029,20170831T001054
228,flood_WM_S1A_IW_GRDH_1SDV_20170831T001029_20170831T001054_018160_01E82D_0776_crop_226.tif,20170831T001029,20170831T001054
229,flood_WM_S1A_IW_GRDH_1SDV_20170831T001029_20170831T001054_018160_01E82D_0776_crop_21.tif,20170831T001029,20170831T001054
230,flood_WM_S1A_IW_GRDH_1SDV_20170831T001029_20170831T001054_018160_01E82D_0776_crop_228.tif,20170831T001029,20170831T001054
231,flood_WM_S1A_IW_GRDH_1SDV_20170831T001029_20170831T001054_018160_01E82D_0776_crop_82.tif,20170831T001029,20170831T001054
232,flood_WM_S1A_IW_GRDH_1SDV_20170831T001029_20170831T001054_018160_01E82D_0776_crop_53.tif,20170831T001029,20170831T001054
233,flood_WM_S1A_IW_GRDH_1SDV_20170831T001029_20170831T001054_018160_01E82D_0776_crop_143.tif,20170831T001029,20170831T001054
234,flood_WM_S1A_IW_GRDH_1SDV_20170831T001029_20170831T001054_018160_01E82D_0776_crop_192.tif,20170831T001029,20170831T001054
235,flood_WM_S1A_IW_GRDH_1SDV_20170831T001029_20170831T001054_018160_01E82D_0776_crop_144.tif,20170831T001029,20170831T001054
236,flood_WM_S1A_IW_GRDH_1SDV_20170831T001029_20170831T001054_018160_01E82D_0776_crop_195.tif,20170831T001029,20170831T001054
237,flood_WM_S1A_IW_GRDH_1SDV_20170831T001029_20170831T001054_018160_01E82D_0776_crop_28.tif,20170831T001029,20170831T001054
238,flood_WM_S1A_IW_GRDH_1SDV_20170831T001029_20170831T001054_018160_01E82D_0776_crop_138.tif,20170831T001029,20170831T001054
239,flood_WM_S1A_IW_GRDH_1SDV_20170831T001029_20170831T001054_018160_01E82D_0776_crop_85.tif,20170831T001029,20170831T001054
240,flood_WM_S1A_IW_GRDH_1SDV_20170831T001029_20170831T001054_018160_01E82D_0776_crop_54.tif,20170831T001029,20170831T001054
0,non_flood_WM1_S1A_IW_GRDH_1SDV_20170807T001028_20170807T001053_017810_01DD99_F836_crop_10.tif,1SDV,20170807T001028
1,non_flood_WM1_S1A_IW_GRDH_1SDV_20170807T001028_20170807T001053_017810_01DD99_F836_crop_7.tif,1SDV,20170807T001028
2,non_flood_WM1_S1A_IW_GRDH_1SDV_20170807T001028_20170807T001053_017810_01DD99_F836_crop_109.tif,1SDV,20170807T001028
3,non_flood_WM1_S1A_IW_GRDH_1SDV_20170807T001028_20170807T001053_017810_01DD99_F836_crop_17.tif,1SDV,20170807T001028
4,non_flood_WM1_S1A_IW_GRDH_1SDV_20170807T001028_20170807T001053_017810_01DD99_F836_crop_65.tif,1SDV,20170807T001028
5,non_flood_WM1_S1A_IW_GRDH_1SDV_20170807T001028_20170807T001053_017810_01DD99_F836_crop_107.tif,1SDV,20170807T001028
6,non_flood_WM1_S1A_IW_GRDH_1SDV_20170807T001028_20170807T001053_017810_01DD99_F836_crop_19.tif,1SDV,20170807T001028
7,non_flood_WM1_S1A_IW_GRDH_1SDV_20170807T001028_20170807T001053_017810_01DD99_F836_crop_9.tif,1SDV,20170807T001028
8,non_flood_WM1_S1A_IW_GRDH_1SDV_20170807T001028_20170807T001053_017810_01DD99_F836_crop_62.tif,1SDV,20170807T001028
9,non_flood_WM1_S1A_IW_GRDH_1SDV_20170807T001028_20170807T001053_017810_01DD99_F836_crop_100.tif,1SDV,20170807T001028
10,non_flood_WM1_S1A_IW_GRDH_1SDV_20170807T001028_20170807T001053_017810_01DD99_F836_crop_86.tif,1SDV,20170807T001028
11,non_flood_WM1_S1A_IW_GRDH_1SDV_20170807T001028_20170807T001053_017810_01DD99_F836_crop_57.tif,1SDV,20170807T001028
12,non_flood_WM1_S1A_IW_GRDH_1SDV_20170807T001028_20170807T001053_017810_01DD99_F836_crop_135.tif,1SDV,20170807T001028
13,non_flood_WM1_S1A_IW_GRDH_1SDV_20170807T001028_20170807T001053_017810_01DD99_F836_crop_81.tif,1SDV,20170807T001028
14,non_flood_WM1_S1A_IW_GRDH_1SDV_20170807T001028_20170807T001053_017810_01DD99_F836_crop_50.tif,1SDV,20170807T001028
15,non_flood_WM1_S1A_IW_GRDH_1SDV_20170807T001028_20170807T001053_017810_01DD99_F836_crop_132.tif,1SDV,20170807T001028
16,non_flood_WM1_S1A_IW_GRDH_1SDV_20170807T001028_20170807T001053_017810_01DD99_F836_crop_22.tif,1SDV,20170807T001028
17,non_flood_WM1_S1A_IW_GRDH_1SDV_20170807T001028_20170807T001053_017810_01DD99_F836_crop_140.tif,1SDV,20170807T001028
18,non_flood_WM1_S1A_IW_GRDH_1SDV_20170807T001028_20170807T001053_017810_01DD99_F836_crop_25.tif,1SDV,20170807T001028
19,non_flood_WM1_S1A_IW_GRDH_1SDV_20170807T001028_20170807T001053_017810_01DD99_F836_crop_88.tif,1SDV,20170807T001028
20,non_flood_WM1_S1A_IW_GRDH_1SDV_20170807T001028_20170807T001053_017810_01DD99_F836_crop_59.tif,1SDV,20170807T001028
21,non_flood_WM1_S1A_IW_GRDH_1SDV_20170807T001028_20170807T001053_017810_01DD99_F836_crop_34.tif,1SDV,20170807T001028
22,non_flood_WM1_S1A_IW_GRDH_1SDV_20170807T001028_20170807T001053_017810_01DD99_F836_crop_48.tif,1SDV,20170807T001028
23,non_flood_WM1_S1A_IW_GRDH_1SDV_20170807T001028_20170807T001053_017810_01DD99_F836_crop_99.tif,1SDV,20170807T001028
24,non_flood_WM1_S1A_IW_GRDH_1SDV_20170807T001028_20170807T001053_017810_01DD99_F836_crop_33.tif,1SDV,20170807T001028
25,non_flood_WM1_S1A_IW_GRDH_1SDV_20170807T001028_20170807T001053_017810_01DD99_F836_crop_123.tif,1SDV,20170807T001028
26,non_flood_WM1_S1A_IW_GRDH_1SDV_20170807T001028_20170807T001053_017810_01DD99_F836_crop_41.tif,1SDV,20170807T001028
27,non_flood_WM1_S1A_IW_GRDH_1SDV_20170807T001028_20170807T001053_017810_01DD99_F836_crop_90.tif,1SDV,20170807T001028
28,non_flood_WM1_S1A_IW_GRDH_1SDV_20170807T001028_20170807T001053_017810_01DD99_F836_crop_124.tif,1SDV,20170807T001028
29,non_flood_WM1_S1A_IW_GRDH_1SDV_20170807T001028_20170807T001053_017810_01DD99_F836_crop_46.tif,1SDV,20170807T001028
30,non_flood_WM1_S1A_IW_GRDH_1SDV_20170807T001028_20170807T001053_017810_01DD99_F836_crop_97.tif,1SDV,20170807T001028
31,non_flood_WM1_S1A_IW_GRDH_1SDV_20170807T001028_20170807T001053_017810_01DD99_F836_crop_111.tif,1SDV,20170807T001028
32,non_flood_WM1_S1A_IW_GRDH_1SDV_20170807T001028_20170807T001053_017810_01DD99_F836_crop_73.tif,1SDV,20170807T001028
33,non_flood_WM1_S1A_IW_GRDH_1SDV_20170807T001028_20170807T001053_017810_01DD99_F836_crop_116.tif,1SDV,20170807T001028
34,non_flood_WM1_S1A_IW_GRDH_1SDV_20170807T001028_20170807T001053_017810_01DD99_F836_crop_74.tif,1SDV,20170807T001028
35,non_flood_WM1_S1A_IW_GRDH_1SDV_20170807T001028_20170807T001053_017810_01DD99_F836_crop_118.tif,1SDV,20170807T001028
36,non_flood_WM1_S1A_IW_GRDH_1SDV_20170807T001028_20170807T001053_017810_01DD99_F836_crop_24.tif,1SDV,20170807T001028
37,non_flood_WM1_S1A_IW_GRDH_1SDV_20170807T001028_20170807T001053_017810_01DD99_F836_crop_89.tif,1SDV,20170807T001028
38,non_flood_WM1_S1A_IW_GRDH_1SDV_20170807T001028_20170807T001053_017810_01DD99_F836_crop_58.tif,1SDV,20170807T001028
39,non_flood_WM1_S1A_IW_GRDH_1SDV_20170807T001028_20170807T001053_017810_01DD99_F836_crop_23.tif,1SDV,20170807T001028
40,non_flood_WM1_S1A_IW_GRDH_1SDV_20170807T001028_20170807T001053_017810_01DD99_F836_crop_141.tif,1SDV,20170807T001028
41,non_flood_WM1_S1A_IW_GRDH_1SDV_20170807T001028_20170807T001053_017810_01DD99_F836_crop_80.tif,1SDV,20170807T001028
42,non_flood_WM1_S1A_IW_GRDH_1SDV_20170807T001028_20170807T001053_017810_01DD99_F836_crop_51.tif,1SDV,20170807T001028
43,non_flood_WM1_S1A_IW_GRDH_1SDV_20170807T001028_20170807T001053_017810_01DD99_F836_crop_133.tif,1SDV,20170807T001028
44,non_flood_WM1_S1A_IW_GRDH_1SDV_20170807T001028_20170807T001053_017810_01DD99_F836_crop_87.tif,1SDV,20170807T001028
45,non_flood_WM1_S1A_IW_GRDH_1SDV_20170807T001028_20170807T001053_017810_01DD99_F836_crop_56.tif,1SDV,20170807T001028
46,non_flood_WM1_S1A_IW_GRDH_1SDV_20170807T001028_20170807T001053_017810_01DD99_F836_crop_134.tif,1SDV,20170807T001028
47,non_flood_WM1_S1A_IW_GRDH_1SDV_20170807T001028_20170807T001053_017810_01DD99_F836_crop_8.tif,1SDV,20170807T001028
48,non_flood_WM1_S1A_IW_GRDH_1SDV_20170807T001028_20170807T001053_017810_01DD99_F836_crop_63.tif,1SDV,20170807T001028
49,non_flood_WM1_S1A_IW_GRDH_1SDV_20170807T001028_20170807T001053_017810_01DD99_F836_crop_101.tif,1SDV,20170807T001028
50,non_flood_WM1_S1A_IW_GRDH_1SDV_20170807T001028_20170807T001053_017810_01DD99_F836_crop_64.tif,1SDV,20170807T001028
51,non_flood_WM1_S1A_IW_GRDH_1SDV_20170807T001028_20170807T001053_017810_01DD99_F836_crop_106.tif,1SDV,20170807T001028
52,non_flood_WM1_S1A_IW_GRDH_1SDV_20170807T001028_20170807T001053_017810_01DD99_F836_crop_18.tif,1SDV,20170807T001028
53,non_flood_WM1_S1A_IW_GRDH_1SDV_20170807T001028_20170807T001053_017810_01DD99_F836_crop_108.tif,1SDV,20170807T001028
54,non_flood_WM1_S1A_IW_GRDH_1SDV_20170807T001028_20170807T001053_017810_01DD99_F836_crop_16.tif,1SDV,20170807T001028
55,non_flood_WM1_S1A_IW_GRDH_1SDV_20170807T001028_20170807T001053_017810_01DD99_F836_crop_1.tif,1SDV,20170807T001028
56,non_flood_WM1_S1A_IW_GRDH_1SDV_20170807T001028_20170807T001053_017810_01DD99_F836_crop_11.tif,1SDV,20170807T001028
57,non_flood_WM1_S1A_IW_GRDH_1SDV_20170807T001028_20170807T001053_017810_01DD99_F836_crop_6.tif,1SDV,20170807T001028
58,non_flood_WM1_S1A_IW_GRDH_1SDV_20170807T001028_20170807T001053_017810_01DD99_F836_crop_119.tif,1SDV,20170807T001028
59,non_flood_WM1_S1A_IW_GRDH_1SDV_20170807T001028_20170807T001053_017810_01DD99_F836_crop_117.tif,1SDV,20170807T001028
60,non_flood_WM1_S1A_IW_GRDH_1SDV_20170807T001028_20170807T001053_017810_01DD99_F836_crop_75.tif,1SDV,20170807T001028
61,non_flood_WM1_S1A_IW_GRDH_1SDV_20170807T001028_20170807T001053_017810_01DD99_F836_crop_110.tif,1SDV,20170807T001028
62,non_flood_WM1_S1A_IW_GRDH_1SDV_20170807T001028_20170807T001053_017810_01DD99_F836_crop_72.tif,1SDV,20170807T001028
63,non_flood_WM1_S1A_IW_GRDH_1SDV_20170807T001028_20170807T001053_017810_01DD99_F836_crop_125.tif,1SDV,20170807T001028
64,non_flood_WM1_S1A_IW_GRDH_1SDV_20170807T001028_20170807T001053_017810_01DD99_F836_crop_47.tif,1SDV,20170807T001028
65,non_flood_WM1_S1A_IW_GRDH_1SDV_20170807T001028_20170807T001053_017810_01DD99_F836_crop_96.tif,1SDV,20170807T001028
66,non_flood_WM1_S1A_IW_GRDH_1SDV_20170807T001028_20170807T001053_017810_01DD99_F836_crop_122.tif,1SDV,20170807T001028
67,non_flood_WM1_S1A_IW_GRDH_1SDV_20170807T001028_20170807T001053_017810_01DD99_F836_crop_40.tif,1SDV,20170807T001028
68,non_flood_WM1_S1A_IW_GRDH_1SDV_20170807T001028_20170807T001053_017810_01DD99_F836_crop_91.tif,1SDV,20170807T001028
69,non_flood_WM1_S1A_IW_GRDH_1SDV_20170807T001028_20170807T001053_017810_01DD99_F836_crop_32.tif,1SDV,20170807T001028
70,non_flood_WM1_S1A_IW_GRDH_1SDV_20170807T001028_20170807T001053_017810_01DD99_F836_crop_35.tif,1SDV,20170807T001028
71,non_flood_WM1_S1A_IW_GRDH_1SDV_20170807T001028_20170807T001053_017810_01DD99_F836_crop_49.tif,1SDV,20170807T001028
72,non_flood_WM1_S1A_IW_GRDH_1SDV_20170807T001028_20170807T001053_017810_01DD99_F836_crop_98.tif,1SDV,20170807T001028
73,non_flood_WM1_S1A_IW_GRDH_1SDV_20170807T001028_20170807T001053_017810_01DD99_F836_crop_78.tif,1SDV,20170807T001028
74,non_flood_WM1_S1A_IW_GRDH_1SDV_20170807T001028_20170807T001053_017810_01DD99_F836_crop_113.tif,1SDV,20170807T001028
75,non_flood_WM1_S1A_IW_GRDH_1SDV_20170807T001028_20170807T001053_017810_01DD99_F836_crop_71.tif,1SDV,20170807T001028
76,non_flood_WM1_S1A_IW_GRDH_1SDV_20170807T001028_20170807T001053_017810_01DD99_F836_crop_114.tif,1SDV,20170807T001028
77,non_flood_WM1_S1A_IW_GRDH_1SDV_20170807T001028_20170807T001053_017810_01DD99_F836_crop_76.tif,1SDV,20170807T001028
78,non_flood_WM1_S1A_IW_GRDH_1SDV_20170807T001028_20170807T001053_017810_01DD99_F836_crop_121.tif,1SDV,20170807T001028
79,non_flood_WM1_S1A_IW_GRDH_1SDV_20170807T001028_20170807T001053_017810_01DD99_F836_crop_43.tif,1SDV,20170807T001028
80,non_flood_WM1_S1A_IW_GRDH_1SDV_20170807T001028_20170807T001053_017810_01DD99_F836_crop_92.tif,1SDV,20170807T001028
81,non_flood_WM1_S1A_IW_GRDH_1SDV_20170807T001028_20170807T001053_017810_01DD99_F836_crop_38.tif,1SDV,20170807T001028
82,non_flood_WM1_S1A_IW_GRDH_1SDV_20170807T001028_20170807T001053_017810_01DD99_F836_crop_126.tif,1SDV,20170807T001028
83,non_flood_WM1_S1A_IW_GRDH_1SDV_20170807T001028_20170807T001053_017810_01DD99_F836_crop_44.tif,1SDV,20170807T001028
84,non_flood_WM1_S1A_IW_GRDH_1SDV_20170807T001028_20170807T001053_017810_01DD99_F836_crop_95.tif,1SDV,20170807T001028
85,non_flood_WM1_S1A_IW_GRDH_1SDV_20170807T001028_20170807T001053_017810_01DD99_F836_crop_36.tif,1SDV,20170807T001028
86,non_flood_WM1_S1A_IW_GRDH_1SDV_20170807T001028_20170807T001053_017810_01DD99_F836_crop_128.tif,1SDV,20170807T001028
87,non_flood_WM1_S1A_IW_GRDH_1SDV_20170807T001028_20170807T001053_017810_01DD99_F836_crop_31.tif,1SDV,20170807T001028
88,non_flood_WM1_S1A_IW_GRDH_1SDV_20170807T001028_20170807T001053_017810_01DD99_F836_crop_20.tif,1SDV,20170807T001028
89,non_flood_WM1_S1A_IW_GRDH_1SDV_20170807T001028_20170807T001053_017810_01DD99_F836_crop_142.tif,1SDV,20170807T001028
90,non_flood_WM1_S1A_IW_GRDH_1SDV_20170807T001028_20170807T001053_017810_01DD99_F836_crop_27.tif,1SDV,20170807T001028
91,non_flood_WM1_S1A_IW_GRDH_1SDV_20170807T001028_20170807T001053_017810_01DD99_F836_crop_145.tif,1SDV,20170807T001028
92,non_flood_WM1_S1A_IW_GRDH_1SDV_20170807T001028_20170807T001053_017810_01DD99_F836_crop_139.tif,1SDV,20170807T001028
93,non_flood_WM1_S1A_IW_GRDH_1SDV_20170807T001028_20170807T001053_017810_01DD99_F836_crop_29.tif,1SDV,20170807T001028
94,non_flood_WM1_S1A_IW_GRDH_1SDV_20170807T001028_20170807T001053_017810_01DD99_F836_crop_84.tif,1SDV,20170807T001028
95,non_flood_WM1_S1A_IW_GRDH_1SDV_20170807T001028_20170807T001053_017810_01DD99_F836_crop_55.tif,1SDV,20170807T001028
96,non_flood_WM1_S1A_IW_GRDH_1SDV_20170807T001028_20170807T001053_017810_01DD99_F836_crop_137.tif,1SDV,20170807T001028
97,non_flood_WM1_S1A_IW_GRDH_1SDV_20170807T001028_20170807T001053_017810_01DD99_F836_crop_83.tif,1SDV,20170807T001028
98,non_flood_WM1_S1A_IW_GRDH_1SDV_20170807T001028_20170807T001053_017810_01DD99_F836_crop_52.tif,1SDV,20170807T001028
99,non_flood_WM1_S1A_IW_GRDH_1SDV_20170807T001028_20170807T001053_017810_01DD99_F836_crop_130.tif,1SDV,20170807T001028
100,non_flood_WM1_S1A_IW_GRDH_1SDV_20170807T001028_20170807T001053_017810_01DD99_F836_crop_67.tif,1SDV,20170807T001028
101,non_flood_WM1_S1A_IW_GRDH_1SDV_20170807T001028_20170807T001053_017810_01DD99_F836_crop_105.tif,1SDV,20170807T001028
102,non_flood_WM1_S1A_IW_GRDH_1SDV_20170807T001028_20170807T001053_017810_01DD99_F836_crop_60.tif,1SDV,20170807T001028
103,non_flood_WM1_S1A_IW_GRDH_1SDV_20170807T001028_20170807T001053_017810_01DD99_F836_crop_102.tif,1SDV,20170807T001028
104,non_flood_WM1_S1A_IW_GRDH_1SDV_20170807T001028_20170807T001053_017810_01DD99_F836_crop_12.tif,1SDV,20170807T001028
105,non_flood_WM1_S1A_IW_GRDH_1SDV_20170807T001028_20170807T001053_017810_01DD99_F836_crop_5.tif,1SDV,20170807T001028
106,non_flood_WM1_S1A_IW_GRDH_1SDV_20170807T001028_20170807T001053_017810_01DD99_F836_crop_69.tif,1SDV,20170807T001028
107,non_flood_WM1_S1A_IW_GRDH_1SDV_20170807T001028_20170807T001053_017810_01DD99_F836_crop_15.tif,1SDV,20170807T001028
108,non_flood_WM1_S1A_IW_GRDH_1SDV_20170807T001028_20170807T001053_017810_01DD99_F836_crop_2.tif,1SDV,20170807T001028
109,non_flood_WM1_S1A_IW_GRDH_1SDV_20170807T001028_20170807T001053_017810_01DD99_F836_crop_30.tif,1SDV,20170807T001028
110,non_flood_WM1_S1A_IW_GRDH_1SDV_20170807T001028_20170807T001053_017810_01DD99_F836_crop_37.tif,1SDV,20170807T001028
111,non_flood_WM1_S1A_IW_GRDH_1SDV_20170807T001028_20170807T001053_017810_01DD99_F836_crop_129.tif,1SDV,20170807T001028
112,non_flood_WM1_S1A_IW_GRDH_1SDV_20170807T001028_20170807T001053_017810_01DD99_F836_crop_39.tif,1SDV,20170807T001028
113,non_flood_WM1_S1A_IW_GRDH_1SDV_20170807T001028_20170807T001053_017810_01DD99_F836_crop_127.tif,1SDV,20170807T001028
114,non_flood_WM1_S1A_IW_GRDH_1SDV_20170807T001028_20170807T001053_017810_01DD99_F836_crop_45.tif,1SDV,20170807T001028
115,non_flood_WM1_S1A_IW_GRDH_1SDV_20170807T001028_20170807T001053_017810_01DD99_F836_crop_94.tif,1SDV,20170807T001028
116,non_flood_WM1_S1A_IW_GRDH_1SDV_20170807T001028_20170807T001053_017810_01DD99_F836_crop_120.tif,1SDV,20170807T001028
117,non_flood_WM1_S1A_IW_GRDH_1SDV_20170807T001028_20170807T001053_017810_01DD99_F836_crop_42.tif,1SDV,20170807T001028
118,non_flood_WM1_S1A_IW_GRDH_1SDV_20170807T001028_20170807T001053_017810_01DD99_F836_crop_93.tif,1SDV,20170807T001028
119,non_flood_WM1_S1A_IW_GRDH_1SDV_20170807T001028_20170807T001053_017810_01DD99_F836_crop_115.tif,1SDV,20170807T001028
120,non_flood_WM1_S1A_IW_GRDH_1SDV_20170807T001028_20170807T001053_017810_01DD99_F836_crop_77.tif,1SDV,20170807T001028
121,non_flood_WM1_S1A_IW_GRDH_1SDV_20170807T001028_20170807T001053_017810_01DD99_F836_crop_112.tif,1SDV,20170807T001028
122,non_flood_WM1_S1A_IW_GRDH_1SDV_20170807T001028_20170807T001053_017810_01DD99_F836_crop_70.tif,1SDV,20170807T001028
123,non_flood_WM1_S1A_IW_GRDH_1SDV_20170807T001028_20170807T001053_017810_01DD99_F836_crop_79.tif,1SDV,20170807T001028
124,non_flood_WM1_S1A_IW_GRDH_1SDV_20170807T001028_20170807T001053_017810_01DD99_F836_crop_68.tif,1SDV,20170807T001028
125,non_flood_WM1_S1A_IW_GRDH_1SDV_20170807T001028_20170807T001053_017810_01DD99_F836_crop_14.tif,1SDV,20170807T001028
126,non_flood_WM1_S1A_IW_GRDH_1SDV_20170807T001028_20170807T001053_017810_01DD99_F836_crop_3.tif,1SDV,20170807T001028
127,non_flood_WM1_S1A_IW_GRDH_1SDV_20170807T001028_20170807T001053_017810_01DD99_F836_crop_13.tif,1SDV,20170807T001028
128,non_flood_WM1_S1A_IW_GRDH_1SDV_20170807T001028_20170807T001053_017810_01DD99_F836_crop_4.tif,1SDV,20170807T001028
129,non_flood_WM1_S1A_IW_GRDH_1SDV_20170807T001028_20170807T001053_017810_01DD99_F836_crop_61.tif,1SDV,20170807T001028
130,non_flood_WM1_S1A_IW_GRDH_1SDV_20170807T001028_20170807T001053_017810_01DD99_F836_crop_103.tif,1SDV,20170807T001028
131,non_flood_WM1_S1A_IW_GRDH_1SDV_20170807T001028_20170807T001053_017810_01DD99_F836_crop_66.tif,1SDV,20170807T001028
132,non_flood_WM1_S1A_IW_GRDH_1SDV_20170807T001028_20170807T001053_017810_01DD99_F836_crop_104.tif,1SDV,20170807T001028
133,non_flood_WM1_S1A_IW_GRDH_1SDV_20170807T001028_20170807T001053_017810_01DD99_F836_crop_82.tif,1SDV,20170807T001028
134,non_flood_WM1_S1A_IW_GRDH_1SDV_20170807T001028_20170807T001053_017810_01DD99_F836_crop_53.tif,1SDV,20170807T001028
135,non_flood_WM1_S1A_IW_GRDH_1SDV_20170807T001028_20170807T001053_017810_01DD99_F836_crop_131.tif,1SDV,20170807T001028
136,non_flood_WM1_S1A_IW_GRDH_1SDV_20170807T001028_20170807T001053_017810_01DD99_F836_crop_28.tif,1SDV,20170807T001028
137,non_flood_WM1_S1A_IW_GRDH_1SDV_20170807T001028_20170807T001053_017810_01DD99_F836_crop_85.tif,1SDV,20170807T001028
138,non_flood_WM1_S1A_IW_GRDH_1SDV_20170807T001028_20170807T001053_017810_01DD99_F836_crop_54.tif,1SDV,20170807T001028
139,non_flood_WM1_S1A_IW_GRDH_1SDV_20170807T001028_20170807T001053_017810_01DD99_F836_crop_136.tif,1SDV,20170807T001028
140,non_flood_WM1_S1A_IW_GRDH_1SDV_20170807T001028_20170807T001053_017810_01DD99_F836_crop_26.tif,1SDV,20170807T001028
141,non_flood_WM1_S1A_IW_GRDH_1SDV_20170807T001028_20170807T001053_017810_01DD99_F836_crop_144.tif,1SDV,20170807T001028
142,non_flood_WM1_S1A_IW_GRDH_1SDV_20170807T001028_20170807T001053_017810_01DD99_F836_crop_138.tif,1SDV,20170807T001028
143,non_flood_WM1_S1A_IW_GRDH_1SDV_20170807T001028_20170807T001053_017810_01DD99_F836_crop_21.tif,1SDV,20170807T001028
144,non_flood_WM1_S1A_IW_GRDH_1SDV_20170807T001028_20170807T001053_017810_01DD99_F836_crop_143.tif,1SDV,20170807T001028
0,non_flood_WM2_S1A_IW_GRDH_1SDV_20170819T001029_20170819T001054_017985_01E2E8_F302_crop_110.tif,1SDV,20170819T001029
1,non_flood_WM2_S1A_IW_GRDH_1SDV_20170819T001029_20170819T001054_017985_01E2E8_F302_crop_117.tif,1SDV,20170819T001029
2,non_flood_WM2_S1A_IW_GRDH_1SDV_20170819T001029_20170819T001054_017985_01E2E8_F302_crop_73.tif,1SDV,20170819T001029
3,non_flood_WM2_S1A_IW_GRDH_1SDV_20170819T001029_20170819T001054_017985_01E2E8_F302_crop_74.tif,1SDV,20170819T001029
4,non_flood_WM2_S1A_IW_GRDH_1SDV_20170819T001029_20170819T001054_017985_01E2E8_F302_crop_41.tif,1SDV,20170819T001029
5,non_flood_WM2_S1A_IW_GRDH_1SDV_20170819T001029_20170819T001054_017985_01E2E8_F302_crop_90.tif,1SDV,20170819T001029
6,non_flood_WM2_S1A_IW_GRDH_1SDV_20170819T001029_20170819T001054_017985_01E2E8_F302_crop_46.tif,1SDV,20170819T001029
7,non_flood_WM2_S1A_IW_GRDH_1SDV_20170819T001029_20170819T001054_017985_01E2E8_F302_crop_97.tif,1SDV,20170819T001029
8,non_flood_WM2_S1A_IW_GRDH_1SDV_20170819T001029_20170819T001054_017985_01E2E8_F302_crop_34.tif,1SDV,20170819T001029
9,non_flood_WM2_S1A_IW_GRDH_1SDV_20170819T001029_20170819T001054_017985_01E2E8_F302_crop_48.tif,1SDV,20170819T001029
10,non_flood_WM2_S1A_IW_GRDH_1SDV_20170819T001029_20170819T001054_017985_01E2E8_F302_crop_99.tif,1SDV,20170819T001029
11,non_flood_WM2_S1A_IW_GRDH_1SDV_20170819T001029_20170819T001054_017985_01E2E8_F302_crop_33.tif,1SDV,20170819T001029
12,non_flood_WM2_S1A_IW_GRDH_1SDV_20170819T001029_20170819T001054_017985_01E2E8_F302_crop_22.tif,1SDV,20170819T001029
13,non_flood_WM2_S1A_IW_GRDH_1SDV_20170819T001029_20170819T001054_017985_01E2E8_F302_crop_7.tif,1SDV,20170819T001029
14,non_flood_WM2_S1A_IW_GRDH_1SDV_20170819T001029_20170819T001054_017985_01E2E8_F302_crop_25.tif,1SDV,20170819T001029
15,non_flood_WM2_S1A_IW_GRDH_1SDV_20170819T001029_20170819T001054_017985_01E2E8_F302_crop_88.tif,1SDV,20170819T001029
16,non_flood_WM2_S1A_IW_GRDH_1SDV_20170819T001029_20170819T001054_017985_01E2E8_F302_crop_59.tif,1SDV,20170819T001029
17,non_flood_WM2_S1A_IW_GRDH_1SDV_20170819T001029_20170819T001054_017985_01E2E8_F302_crop_9.tif,1SDV,20170819T001029
18,non_flood_WM2_S1A_IW_GRDH_1SDV_20170819T001029_20170819T001054_017985_01E2E8_F302_crop_86.tif,1SDV,20170819T001029
19,non_flood_WM2_S1A_IW_GRDH_1SDV_20170819T001029_20170819T001054_017985_01E2E8_F302_crop_57.tif,1SDV,20170819T001029
20,non_flood_WM2_S1A_IW_GRDH_1SDV_20170819T001029_20170819T001054_017985_01E2E8_F302_crop_81.tif,1SDV,20170819T001029
21,non_flood_WM2_S1A_IW_GRDH_1SDV_20170819T001029_20170819T001054_017985_01E2E8_F302_crop_50.tif,1SDV,20170819T001029
22,non_flood_WM2_S1A_IW_GRDH_1SDV_20170819T001029_20170819T001054_017985_01E2E8_F302_crop_65.tif,1SDV,20170819T001029
23,non_flood_WM2_S1A_IW_GRDH_1SDV_20170819T001029_20170819T001054_017985_01E2E8_F302_crop_19.tif,1SDV,20170819T001029
24,non_flood_WM2_S1A_IW_GRDH_1SDV_20170819T001029_20170819T001054_017985_01E2E8_F302_crop_108.tif,1SDV,20170819T001029
25,non_flood_WM2_S1A_IW_GRDH_1SDV_20170819T001029_20170819T001054_017985_01E2E8_F302_crop_62.tif,1SDV,20170819T001029
26,non_flood_WM2_S1A_IW_GRDH_1SDV_20170819T001029_20170819T001054_017985_01E2E8_F302_crop_106.tif,1SDV,20170819T001029
27,non_flood_WM2_S1A_IW_GRDH_1SDV_20170819T001029_20170819T001054_017985_01E2E8_F302_crop_10.tif,1SDV,20170819T001029
28,non_flood_WM2_S1A_IW_GRDH_1SDV_20170819T001029_20170819T001054_017985_01E2E8_F302_crop_17.tif,1SDV,20170819T001029
29,non_flood_WM2_S1A_IW_GRDH_1SDV_20170819T001029_20170819T001054_017985_01E2E8_F302_crop_101.tif,1SDV,20170819T001029
30,non_flood_WM2_S1A_IW_GRDH_1SDV_20170819T001029_20170819T001054_017985_01E2E8_F302_crop_32.tif,1SDV,20170819T001029
31,non_flood_WM2_S1A_IW_GRDH_1SDV_20170819T001029_20170819T001054_017985_01E2E8_F302_crop_35.tif,1SDV,20170819T001029
32,non_flood_WM2_S1A_IW_GRDH_1SDV_20170819T001029_20170819T001054_017985_01E2E8_F302_crop_49.tif,1SDV,20170819T001029
33,non_flood_WM2_S1A_IW_GRDH_1SDV_20170819T001029_20170819T001054_017985_01E2E8_F302_crop_98.tif,1SDV,20170819T001029
34,non_flood_WM2_S1A_IW_GRDH_1SDV_20170819T001029_20170819T001054_017985_01E2E8_F302_crop_47.tif,1SDV,20170819T001029
35,non_flood_WM2_S1A_IW_GRDH_1SDV_20170819T001029_20170819T001054_017985_01E2E8_F302_crop_96.tif,1SDV,20170819T001029
36,non_flood_WM2_S1A_IW_GRDH_1SDV_20170819T001029_20170819T001054_017985_01E2E8_F302_crop_40.tif,1SDV,20170819T001029
37,non_flood_WM2_S1A_IW_GRDH_1SDV_20170819T001029_20170819T001054_017985_01E2E8_F302_crop_91.tif,1SDV,20170819T001029
38,non_flood_WM2_S1A_IW_GRDH_1SDV_20170819T001029_20170819T001054_017985_01E2E8_F302_crop_75.tif,1SDV,20170819T001029
39,non_flood_WM2_S1A_IW_GRDH_1SDV_20170819T001029_20170819T001054_017985_01E2E8_F302_crop_72.tif,1SDV,20170819T001029
40,non_flood_WM2_S1A_IW_GRDH_1SDV_20170819T001029_20170819T001054_017985_01E2E8_F302_crop_116.tif,1SDV,20170819T001029
41,non_flood_WM2_S1A_IW_GRDH_1SDV_20170819T001029_20170819T001054_017985_01E2E8_F302_crop_111.tif,1SDV,20170819T001029
42,non_flood_WM2_S1A_IW_GRDH_1SDV_20170819T001029_20170819T001054_017985_01E2E8_F302_crop_100.tif,1SDV,20170819T001029
43,non_flood_WM2_S1A_IW_GRDH_1SDV_20170819T001029_20170819T001054_017985_01E2E8_F302_crop_16.tif,1SDV,20170819T001029
44,non_flood_WM2_S1A_IW_GRDH_1SDV_20170819T001029_20170819T001054_017985_01E2E8_F302_crop_11.tif,1SDV,20170819T001029
45,non_flood_WM2_S1A_IW_GRDH_1SDV_20170819T001029_20170819T001054_017985_01E2E8_F302_crop_107.tif,1SDV,20170819T001029
46,non_flood_WM2_S1A_IW_GRDH_1SDV_20170819T001029_20170819T001054_017985_01E2E8_F302_crop_109.tif,1SDV,20170819T001029
47,non_flood_WM2_S1A_IW_GRDH_1SDV_20170819T001029_20170819T001054_017985_01E2E8_F302_crop_63.tif,1SDV,20170819T001029
48,non_flood_WM2_S1A_IW_GRDH_1SDV_20170819T001029_20170819T001054_017985_01E2E8_F302_crop_64.tif,1SDV,20170819T001029
49,non_flood_WM2_S1A_IW_GRDH_1SDV_20170819T001029_20170819T001054_017985_01E2E8_F302_crop_18.tif,1SDV,20170819T001029
50,non_flood_WM2_S1A_IW_GRDH_1SDV_20170819T001029_20170819T001054_017985_01E2E8_F302_crop_80.tif,1SDV,20170819T001029
51,non_flood_WM2_S1A_IW_GRDH_1SDV_20170819T001029_20170819T001054_017985_01E2E8_F302_crop_51.tif,1SDV,20170819T001029
52,non_flood_WM2_S1A_IW_GRDH_1SDV_20170819T001029_20170819T001054_017985_01E2E8_F302_crop_8.tif,1SDV,20170819T001029
53,non_flood_WM2_S1A_IW_GRDH_1SDV_20170819T001029_20170819T001054_017985_01E2E8_F302_crop_87.tif,1SDV,20170819T001029
54,non_flood_WM2_S1A_IW_GRDH_1SDV_20170819T001029_20170819T001054_017985_01E2E8_F302_crop_56.tif,1SDV,20170819T001029
55,non_flood_WM2_S1A_IW_GRDH_1SDV_20170819T001029_20170819T001054_017985_01E2E8_F302_crop_6.tif,1SDV,20170819T001029
56,non_flood_WM2_S1A_IW_GRDH_1SDV_20170819T001029_20170819T001054_017985_01E2E8_F302_crop_24.tif,1SDV,20170819T001029
57,non_flood_WM2_S1A_IW_GRDH_1SDV_20170819T001029_20170819T001054_017985_01E2E8_F302_crop_89.tif,1SDV,20170819T001029
58,non_flood_WM2_S1A_IW_GRDH_1SDV_20170819T001029_20170819T001054_017985_01E2E8_F302_crop_58.tif,1SDV,20170819T001029
59,non_flood_WM2_S1A_IW_GRDH_1SDV_20170819T001029_20170819T001054_017985_01E2E8_F302_crop_1.tif,1SDV,20170819T001029
60,non_flood_WM2_S1A_IW_GRDH_1SDV_20170819T001029_20170819T001054_017985_01E2E8_F302_crop_23.tif,1SDV,20170819T001029
61,non_flood_WM2_S1A_IW_GRDH_1SDV_20170819T001029_20170819T001054_017985_01E2E8_F302_crop_12.tif,1SDV,20170819T001029
62,non_flood_WM2_S1A_IW_GRDH_1SDV_20170819T001029_20170819T001054_017985_01E2E8_F302_crop_104.tif,1SDV,20170819T001029
63,non_flood_WM2_S1A_IW_GRDH_1SDV_20170819T001029_20170819T001054_017985_01E2E8_F302_crop_69.tif,1SDV,20170819T001029
64,non_flood_WM2_S1A_IW_GRDH_1SDV_20170819T001029_20170819T001054_017985_01E2E8_F302_crop_103.tif,1SDV,20170819T001029
65,non_flood_WM2_S1A_IW_GRDH_1SDV_20170819T001029_20170819T001054_017985_01E2E8_F302_crop_15.tif,1SDV,20170819T001029
66,non_flood_WM2_S1A_IW_GRDH_1SDV_20170819T001029_20170819T001054_017985_01E2E8_F302_crop_67.tif,1SDV,20170819T001029
67,non_flood_WM2_S1A_IW_GRDH_1SDV_20170819T001029_20170819T001054_017985_01E2E8_F302_crop_60.tif,1SDV,20170819T001029
68,non_flood_WM2_S1A_IW_GRDH_1SDV_20170819T001029_20170819T001054_017985_01E2E8_F302_crop_29.tif,1SDV,20170819T001029
69,non_flood_WM2_S1A_IW_GRDH_1SDV_20170819T001029_20170819T001054_017985_01E2E8_F302_crop_84.tif,1SDV,20170819T001029
70,non_flood_WM2_S1A_IW_GRDH_1SDV_20170819T001029_20170819T001054_017985_01E2E8_F302_crop_55.tif,1SDV,20170819T001029
71,non_flood_WM2_S1A_IW_GRDH_1SDV_20170819T001029_20170819T001054_017985_01E2E8_F302_crop_83.tif,1SDV,20170819T001029
72,non_flood_WM2_S1A_IW_GRDH_1SDV_20170819T001029_20170819T001054_017985_01E2E8_F302_crop_52.tif,1SDV,20170819T001029
73,non_flood_WM2_S1A_IW_GRDH_1SDV_20170819T001029_20170819T001054_017985_01E2E8_F302_crop_2.tif,1SDV,20170819T001029
74,non_flood_WM2_S1A_IW_GRDH_1SDV_20170819T001029_20170819T001054_017985_01E2E8_F302_crop_20.tif,1SDV,20170819T001029
75,non_flood_WM2_S1A_IW_GRDH_1SDV_20170819T001029_20170819T001054_017985_01E2E8_F302_crop_5.tif,1SDV,20170819T001029
76,non_flood_WM2_S1A_IW_GRDH_1SDV_20170819T001029_20170819T001054_017985_01E2E8_F302_crop_27.tif,1SDV,20170819T001029
77,non_flood_WM2_S1A_IW_GRDH_1SDV_20170819T001029_20170819T001054_017985_01E2E8_F302_crop_36.tif,1SDV,20170819T001029
78,non_flood_WM2_S1A_IW_GRDH_1SDV_20170819T001029_20170819T001054_017985_01E2E8_F302_crop_31.tif,1SDV,20170819T001029
79,non_flood_WM2_S1A_IW_GRDH_1SDV_20170819T001029_20170819T001054_017985_01E2E8_F302_crop_43.tif,1SDV,20170819T001029
80,non_flood_WM2_S1A_IW_GRDH_1SDV_20170819T001029_20170819T001054_017985_01E2E8_F302_crop_92.tif,1SDV,20170819T001029
81,non_flood_WM2_S1A_IW_GRDH_1SDV_20170819T001029_20170819T001054_017985_01E2E8_F302_crop_38.tif,1SDV,20170819T001029
82,non_flood_WM2_S1A_IW_GRDH_1SDV_20170819T001029_20170819T001054_017985_01E2E8_F302_crop_44.tif,1SDV,20170819T001029
83,non_flood_WM2_S1A_IW_GRDH_1SDV_20170819T001029_20170819T001054_017985_01E2E8_F302_crop_95.tif,1SDV,20170819T001029
84,non_flood_WM2_S1A_IW_GRDH_1SDV_20170819T001029_20170819T001054_017985_01E2E8_F302_crop_71.tif,1SDV,20170819T001029
85,non_flood_WM2_S1A_IW_GRDH_1SDV_20170819T001029_20170819T001054_017985_01E2E8_F302_crop_76.tif,1SDV,20170819T001029
86,non_flood_WM2_S1A_IW_GRDH_1SDV_20170819T001029_20170819T001054_017985_01E2E8_F302_crop_78.tif,1SDV,20170819T001029
87,non_flood_WM2_S1A_IW_GRDH_1SDV_20170819T001029_20170819T001054_017985_01E2E8_F302_crop_112.tif,1SDV,20170819T001029
88,non_flood_WM2_S1A_IW_GRDH_1SDV_20170819T001029_20170819T001054_017985_01E2E8_F302_crop_115.tif,1SDV,20170819T001029
89,non_flood_WM2_S1A_IW_GRDH_1SDV_20170819T001029_20170819T001054_017985_01E2E8_F302_crop_4.tif,1SDV,20170819T001029
90,non_flood_WM2_S1A_IW_GRDH_1SDV_20170819T001029_20170819T001054_017985_01E2E8_F302_crop_26.tif,1SDV,20170819T001029
91,non_flood_WM2_S1A_IW_GRDH_1SDV_20170819T001029_20170819T001054_017985_01E2E8_F302_crop_3.tif,1SDV,20170819T001029
92,non_flood_WM2_S1A_IW_GRDH_1SDV_20170819T001029_20170819T001054_017985_01E2E8_F302_crop_21.tif,1SDV,20170819T001029
93,non_flood_WM2_S1A_IW_GRDH_1SDV_20170819T001029_20170819T001054_017985_01E2E8_F302_crop_82.tif,1SDV,20170819T001029
94,non_flood_WM2_S1A_IW_GRDH_1SDV_20170819T001029_20170819T001054_017985_01E2E8_F302_crop_53.tif,1SDV,20170819T001029
95,non_flood_WM2_S1A_IW_GRDH_1SDV_20170819T001029_20170819T001054_017985_01E2E8_F302_crop_28.tif,1SDV,20170819T001029
96,non_flood_WM2_S1A_IW_GRDH_1SDV_20170819T001029_20170819T001054_017985_01E2E8_F302_crop_85.tif,1SDV,20170819T001029
97,non_flood_WM2_S1A_IW_GRDH_1SDV_20170819T001029_20170819T001054_017985_01E2E8_F302_crop_54.tif,1SDV,20170819T001029
98,non_flood_WM2_S1A_IW_GRDH_1SDV_20170819T001029_20170819T001054_017985_01E2E8_F302_crop_61.tif,1SDV,20170819T001029
99,non_flood_WM2_S1A_IW_GRDH_1SDV_20170819T001029_20170819T001054_017985_01E2E8_F302_crop_66.tif,1SDV,20170819T001029
100,non_flood_WM2_S1A_IW_GRDH_1SDV_20170819T001029_20170819T001054_017985_01E2E8_F302_crop_68.tif,1SDV,20170819T001029
101,non_flood_WM2_S1A_IW_GRDH_1SDV_20170819T001029_20170819T001054_017985_01E2E8_F302_crop_14.tif,1SDV,20170819T001029
102,non_flood_WM2_S1A_IW_GRDH_1SDV_20170819T001029_20170819T001054_017985_01E2E8_F302_crop_102.tif,1SDV,20170819T001029
103,non_flood_WM2_S1A_IW_GRDH_1SDV_20170819T001029_20170819T001054_017985_01E2E8_F302_crop_105.tif,1SDV,20170819T001029
104,non_flood_WM2_S1A_IW_GRDH_1SDV_20170819T001029_20170819T001054_017985_01E2E8_F302_crop_13.tif,1SDV,20170819T001029
105,non_flood_WM2_S1A_IW_GRDH_1SDV_20170819T001029_20170819T001054_017985_01E2E8_F302_crop_114.tif,1SDV,20170819T001029
106,non_flood_WM2_S1A_IW_GRDH_1SDV_20170819T001029_20170819T001054_017985_01E2E8_F302_crop_79.tif,1SDV,20170819T001029
107,non_flood_WM2_S1A_IW_GRDH_1SDV_20170819T001029_20170819T001054_017985_01E2E8_F302_crop_113.tif,1SDV,20170819T001029
108,non_flood_WM2_S1A_IW_GRDH_1SDV_20170819T001029_20170819T001054_017985_01E2E8_F302_crop_77.tif,1SDV,20170819T001029
109,non_flood_WM2_S1A_IW_GRDH_1SDV_20170819T001029_20170819T001054_017985_01E2E8_F302_crop_70.tif,1SDV,20170819T001029
110,non_flood_WM2_S1A_IW_GRDH_1SDV_20170819T001029_20170819T001054_017985_01E2E8_F302_crop_39.tif,1SDV,20170819T001029
111,non_flood_WM2_S1A_IW_GRDH_1SDV_20170819T001029_20170819T001054_017985_01E2E8_F302_crop_45.tif,1SDV,20170819T001029
112,non_flood_WM2_S1A_IW_GRDH_1SDV_20170819T001029_20170819T001054_017985_01E2E8_F302_crop_94.tif,1SDV,20170819T001029
113,non_flood_WM2_S1A_IW_GRDH_1SDV_20170819T001029_20170819T001054_017985_01E2E8_F302_crop_42.tif,1SDV,20170819T001029
114,non_flood_WM2_S1A_IW_GRDH_1SDV_20170819T001029_20170819T001054_017985_01E2E8_F302_crop_93.tif,1SDV,20170819T001029
115,non_flood_WM2_S1A_IW_GRDH_1SDV_20170819T001029_20170819T001054_017985_01E2E8_F302_crop_30.tif,1SDV,20170819T001029
116,non_flood_WM2_S1A_IW_GRDH_1SDV_20170819T001029_20170819T001054_017985_01E2E8_F302_crop_37.tif,1SDV,20170819T001029
0,non_flood_WM3_S1A_IW_GRDH_1SDV_20170912T001029_20170912T001054_018335_01EDA6_7CF2_crop_126.tif,1SDV,20170912T001029
1,non_flood_WM3_S1A_IW_GRDH_1SDV_20170912T001029_20170912T001054_018335_01EDA6_7CF2_crop_22.tif,1SDV,20170912T001029
2,non_flood_WM3_S1A_IW_GRDH_1SDV_20170912T001029_20170912T001054_018335_01EDA6_7CF2_crop_25.tif,1SDV,20170912T001029
3,non_flood_WM3_S1A_IW_GRDH_1SDV_20170912T001029_20170912T001054_018335_01EDA6_7CF2_crop_88.tif,1SDV,20170912T001029
4,non_flood_WM3_S1A_IW_GRDH_1SDV_20170912T001029_20170912T001054_018335_01EDA6_7CF2_crop_121.tif,1SDV,20170912T001029
5,non_flood_WM3_S1A_IW_GRDH_1SDV_20170912T001029_20170912T001054_018335_01EDA6_7CF2_crop_59.tif,1SDV,20170912T001029
6,non_flood_WM3_S1A_IW_GRDH_1SDV_20170912T001029_20170912T001054_018335_01EDA6_7CF2_crop_86.tif,1SDV,20170912T001029
7,non_flood_WM3_S1A_IW_GRDH_1SDV_20170912T001029_20170912T001054_018335_01EDA6_7CF2_crop_57.tif,1SDV,20170912T001029
8,non_flood_WM3_S1A_IW_GRDH_1SDV_20170912T001029_20170912T001054_018335_01EDA6_7CF2_crop_81.tif,1SDV,20170912T001029
9,non_flood_WM3_S1A_IW_GRDH_1SDV_20170912T001029_20170912T001054_018335_01EDA6_7CF2_crop_128.tif,1SDV,20170912T001029
10,non_flood_WM3_S1A_IW_GRDH_1SDV_20170912T001029_20170912T001054_018335_01EDA6_7CF2_crop_50.tif,1SDV,20170912T001029
11,non_flood_WM3_S1A_IW_GRDH_1SDV_20170912T001029_20170912T001054_018335_01EDA6_7CF2_crop_8.tif,1SDV,20170912T001029
12,non_flood_WM3_S1A_IW_GRDH_1SDV_20170912T001029_20170912T001054_018335_01EDA6_7CF2_crop_65.tif,1SDV,20170912T001029
13,non_flood_WM3_S1A_IW_GRDH_1SDV_20170912T001029_20170912T001054_018335_01EDA6_7CF2_crop_19.tif,1SDV,20170912T001029
14,non_flood_WM3_S1A_IW_GRDH_1SDV_20170912T001029_20170912T001054_018335_01EDA6_7CF2_crop_62.tif,1SDV,20170912T001029
15,non_flood_WM3_S1A_IW_GRDH_1SDV_20170912T001029_20170912T001054_018335_01EDA6_7CF2_crop_10.tif,1SDV,20170912T001029
16,non_flood_WM3_S1A_IW_GRDH_1SDV_20170912T001029_20170912T001054_018335_01EDA6_7CF2_crop_1.tif,1SDV,20170912T001029
17,non_flood_WM3_S1A_IW_GRDH_1SDV_20170912T001029_20170912T001054_018335_01EDA6_7CF2_crop_114.tif,1SDV,20170912T001029
18,non_flood_WM3_S1A_IW_GRDH_1SDV_20170912T001029_20170912T001054_018335_01EDA6_7CF2_crop_6.tif,1SDV,20170912T001029
19,non_flood_WM3_S1A_IW_GRDH_1SDV_20170912T001029_20170912T001054_018335_01EDA6_7CF2_crop_113.tif,1SDV,20170912T001029
20,non_flood_WM3_S1A_IW_GRDH_1SDV_20170912T001029_20170912T001054_018335_01EDA6_7CF2_crop_17.tif,1SDV,20170912T001029
21,non_flood_WM3_S1A_IW_GRDH_1SDV_20170912T001029_20170912T001054_018335_01EDA6_7CF2_crop_102.tif,1SDV,20170912T001029
22,non_flood_WM3_S1A_IW_GRDH_1SDV_20170912T001029_20170912T001054_018335_01EDA6_7CF2_crop_105.tif,1SDV,20170912T001029
23,non_flood_WM3_S1A_IW_GRDH_1SDV_20170912T001029_20170912T001054_018335_01EDA6_7CF2_crop_73.tif,1SDV,20170912T001029
24,non_flood_WM3_S1A_IW_GRDH_1SDV_20170912T001029_20170912T001054_018335_01EDA6_7CF2_crop_74.tif,1SDV,20170912T001029
25,non_flood_WM3_S1A_IW_GRDH_1SDV_20170912T001029_20170912T001054_018335_01EDA6_7CF2_crop_41.tif,1SDV,20170912T001029
26,non_flood_WM3_S1A_IW_GRDH_1SDV_20170912T001029_20170912T001054_018335_01EDA6_7CF2_crop_90.tif,1SDV,20170912T001029
27,non_flood_WM3_S1A_IW_GRDH_1SDV_20170912T001029_20170912T001054_018335_01EDA6_7CF2_crop_46.tif,1SDV,20170912T001029
28,non_flood_WM3_S1A_IW_GRDH_1SDV_20170912T001029_20170912T001054_018335_01EDA6_7CF2_crop_97.tif,1SDV,20170912T001029
29,non_flood_WM3_S1A_IW_GRDH_1SDV_20170912T001029_20170912T001054_018335_01EDA6_7CF2_crop_34.tif,1SDV,20170912T001029
30,non_flood_WM3_S1A_IW_GRDH_1SDV_20170912T001029_20170912T001054_018335_01EDA6_7CF2_crop_48.tif,1SDV,20170912T001029
31,non_flood_WM3_S1A_IW_GRDH_1SDV_20170912T001029_20170912T001054_018335_01EDA6_7CF2_crop_99.tif,1SDV,20170912T001029
32,non_flood_WM3_S1A_IW_GRDH_1SDV_20170912T001029_20170912T001054_018335_01EDA6_7CF2_crop_33.tif,1SDV,20170912T001029
33,non_flood_WM3_S1A_IW_GRDH_1SDV_20170912T001029_20170912T001054_018335_01EDA6_7CF2_crop_7.tif,1SDV,20170912T001029
34,non_flood_WM3_S1A_IW_GRDH_1SDV_20170912T001029_20170912T001054_018335_01EDA6_7CF2_crop_112.tif,1SDV,20170912T001029
35,non_flood_WM3_S1A_IW_GRDH_1SDV_20170912T001029_20170912T001054_018335_01EDA6_7CF2_crop_16.tif,1SDV,20170912T001029
36,non_flood_WM3_S1A_IW_GRDH_1SDV_20170912T001029_20170912T001054_018335_01EDA6_7CF2_crop_11.tif,1SDV,20170912T001029
37,non_flood_WM3_S1A_IW_GRDH_1SDV_20170912T001029_20170912T001054_018335_01EDA6_7CF2_crop_115.tif,1SDV,20170912T001029
38,non_flood_WM3_S1A_IW_GRDH_1SDV_20170912T001029_20170912T001054_018335_01EDA6_7CF2_crop_63.tif,1SDV,20170912T001029
39,non_flood_WM3_S1A_IW_GRDH_1SDV_20170912T001029_20170912T001054_018335_01EDA6_7CF2_crop_9.tif,1SDV,20170912T001029
40,non_flood_WM3_S1A_IW_GRDH_1SDV_20170912T001029_20170912T001054_018335_01EDA6_7CF2_crop_64.tif,1SDV,20170912T001029
41,non_flood_WM3_S1A_IW_GRDH_1SDV_20170912T001029_20170912T001054_018335_01EDA6_7CF2_crop_18.tif,1SDV,20170912T001029
42,non_flood_WM3_S1A_IW_GRDH_1SDV_20170912T001029_20170912T001054_018335_01EDA6_7CF2_crop_80.tif,1SDV,20170912T001029
43,non_flood_WM3_S1A_IW_GRDH_1SDV_20170912T001029_20170912T001054_018335_01EDA6_7CF2_crop_51.tif,1SDV,20170912T001029
44,non_flood_WM3_S1A_IW_GRDH_1SDV_20170912T001029_20170912T001054_018335_01EDA6_7CF2_crop_87.tif,1SDV,20170912T001029
45,non_flood_WM3_S1A_IW_GRDH_1SDV_20170912T001029_20170912T001054_018335_01EDA6_7CF2_crop_56.tif,1SDV,20170912T001029
46,non_flood_WM3_S1A_IW_GRDH_1SDV_20170912T001029_20170912T001054_018335_01EDA6_7CF2_crop_24.tif,1SDV,20170912T001029
47,non_flood_WM3_S1A_IW_GRDH_1SDV_20170912T001029_20170912T001054_018335_01EDA6_7CF2_crop_89.tif,1SDV,20170912T001029
48,non_flood_WM3_S1A_IW_GRDH_1SDV_20170912T001029_20170912T001054_018335_01EDA6_7CF2_crop_120.tif,1SDV,20170912T001029
49,non_flood_WM3_S1A_IW_GRDH_1SDV_20170912T001029_20170912T001054_018335_01EDA6_7CF2_crop_58.tif,1SDV,20170912T001029
50,non_flood_WM3_S1A_IW_GRDH_1SDV_20170912T001029_20170912T001054_018335_01EDA6_7CF2_crop_127.tif,1SDV,20170912T001029
51,non_flood_WM3_S1A_IW_GRDH_1SDV_20170912T001029_20170912T001054_018335_01EDA6_7CF2_crop_23.tif,1SDV,20170912T001029
52,non_flood_WM3_S1A_IW_GRDH_1SDV_20170912T001029_20170912T001054_018335_01EDA6_7CF2_crop_32.tif,1SDV,20170912T001029
53,non_flood_WM3_S1A_IW_GRDH_1SDV_20170912T001029_20170912T001054_018335_01EDA6_7CF2_crop_35.tif,1SDV,20170912T001029
54,non_flood_WM3_S1A_IW_GRDH_1SDV_20170912T001029_20170912T001054_018335_01EDA6_7CF2_crop_49.tif,1SDV,20170912T001029
55,non_flood_WM3_S1A_IW_GRDH_1SDV_20170912T001029_20170912T001054_018335_01EDA6_7CF2_crop_98.tif,1SDV,20170912T001029
56,non_flood_WM3_S1A_IW_GRDH_1SDV_20170912T001029_20170912T001054_018335_01EDA6_7CF2_crop_47.tif,1SDV,20170912T001029
57,non_flood_WM3_S1A_IW_GRDH_1SDV_20170912T001029_20170912T001054_018335_01EDA6_7CF2_crop_96.tif,1SDV,20170912T001029
58,non_flood_WM3_S1A_IW_GRDH_1SDV_20170912T001029_20170912T001054_018335_01EDA6_7CF2_crop_40.tif,1SDV,20170912T001029
59,non_flood_WM3_S1A_IW_GRDH_1SDV_20170912T001029_20170912T001054_018335_01EDA6_7CF2_crop_91.tif,1SDV,20170912T001029
60,non_flood_WM3_S1A_IW_GRDH_1SDV_20170912T001029_20170912T001054_018335_01EDA6_7CF2_crop_75.tif,1SDV,20170912T001029
61,non_flood_WM3_S1A_IW_GRDH_1SDV_20170912T001029_20170912T001054_018335_01EDA6_7CF2_crop_72.tif,1SDV,20170912T001029
62,non_flood_WM3_S1A_IW_GRDH_1SDV_20170912T001029_20170912T001054_018335_01EDA6_7CF2_crop_104.tif,1SDV,20170912T001029
63,non_flood_WM3_S1A_IW_GRDH_1SDV_20170912T001029_20170912T001054_018335_01EDA6_7CF2_crop_103.tif,1SDV,20170912T001029
64,non_flood_WM3_S1A_IW_GRDH_1SDV_20170912T001029_20170912T001054_018335_01EDA6_7CF2_crop_36.tif,1SDV,20170912T001029
65,non_flood_WM3_S1A_IW_GRDH_1SDV_20170912T001029_20170912T001054_018335_01EDA6_7CF2_crop_31.tif,1SDV,20170912T001029
66,non_flood_WM3_S1A_IW_GRDH_1SDV_20170912T001029_20170912T001054_018335_01EDA6_7CF2_crop_43.tif,1SDV,20170912T001029
67,non_flood_WM3_S1A_IW_GRDH_1SDV_20170912T001029_20170912T001054_018335_01EDA6_7CF2_crop_92.tif,1SDV,20170912T001029
68,non_flood_WM3_S1A_IW_GRDH_1SDV_20170912T001029_20170912T001054_018335_01EDA6_7CF2_crop_38.tif,1SDV,20170912T001029
69,non_flood_WM3_S1A_IW_GRDH_1SDV_20170912T001029_20170912T001054_018335_01EDA6_7CF2_crop_44.tif,1SDV,20170912T001029
70,non_flood_WM3_S1A_IW_GRDH_1SDV_20170912T001029_20170912T001054_018335_01EDA6_7CF2_crop_95.tif,1SDV,20170912T001029
71,non_flood_WM3_S1A_IW_GRDH_1SDV_20170912T001029_20170912T001054_018335_01EDA6_7CF2_crop_109.tif,1SDV,20170912T001029
72,non_flood_WM3_S1A_IW_GRDH_1SDV_20170912T001029_20170912T001054_018335_01EDA6_7CF2_crop_71.tif,1SDV,20170912T001029
73,non_flood_WM3_S1A_IW_GRDH_1SDV_20170912T001029_20170912T001054_018335_01EDA6_7CF2_crop_76.tif,1SDV,20170912T001029
74,non_flood_WM3_S1A_IW_GRDH_1SDV_20170912T001029_20170912T001054_018335_01EDA6_7CF2_crop_100.tif,1SDV,20170912T001029
75,non_flood_WM3_S1A_IW_GRDH_1SDV_20170912T001029_20170912T001054_018335_01EDA6_7CF2_crop_78.tif,1SDV,20170912T001029
76,non_flood_WM3_S1A_IW_GRDH_1SDV_20170912T001029_20170912T001054_018335_01EDA6_7CF2_crop_107.tif,1SDV,20170912T001029
77,non_flood_WM3_S1A_IW_GRDH_1SDV_20170912T001029_20170912T001054_018335_01EDA6_7CF2_crop_12.tif,1SDV,20170912T001029
78,non_flood_WM3_S1A_IW_GRDH_1SDV_20170912T001029_20170912T001054_018335_01EDA6_7CF2_crop_3.tif,1SDV,20170912T001029
79,non_flood_WM3_S1A_IW_GRDH_1SDV_20170912T001029_20170912T001054_018335_01EDA6_7CF2_crop_116.tif,1SDV,20170912T001029
80,non_flood_WM3_S1A_IW_GRDH_1SDV_20170912T001029_20170912T001054_018335_01EDA6_7CF2_crop_4.tif,1SDV,20170912T001029
81,non_flood_WM3_S1A_IW_GRDH_1SDV_20170912T001029_20170912T001054_018335_01EDA6_7CF2_crop_69.tif,1SDV,20170912T001029
82,non_flood_WM3_S1A_IW_GRDH_1SDV_20170912T001029_20170912T001054_018335_01EDA6_7CF2_crop_111.tif,1SDV,20170912T001029
83,non_flood_WM3_S1A_IW_GRDH_1SDV_20170912T001029_20170912T001054_018335_01EDA6_7CF2_crop_15.tif,1SDV,20170912T001029
84,non_flood_WM3_S1A_IW_GRDH_1SDV_20170912T001029_20170912T001054_018335_01EDA6_7CF2_crop_67.tif,1SDV,20170912T001029
85,non_flood_WM3_S1A_IW_GRDH_1SDV_20170912T001029_20170912T001054_018335_01EDA6_7CF2_crop_60.tif,1SDV,20170912T001029
86,non_flood_WM3_S1A_IW_GRDH_1SDV_20170912T001029_20170912T001054_018335_01EDA6_7CF2_crop_118.tif,1SDV,20170912T001029
87,non_flood_WM3_S1A_IW_GRDH_1SDV_20170912T001029_20170912T001054_018335_01EDA6_7CF2_crop_29.tif,1SDV,20170912T001029
88,non_flood_WM3_S1A_IW_GRDH_1SDV_20170912T001029_20170912T001054_018335_01EDA6_7CF2_crop_84.tif,1SDV,20170912T001029
89,non_flood_WM3_S1A_IW_GRDH_1SDV_20170912T001029_20170912T001054_018335_01EDA6_7CF2_crop_55.tif,1SDV,20170912T001029
90,non_flood_WM3_S1A_IW_GRDH_1SDV_20170912T001029_20170912T001054_018335_01EDA6_7CF2_crop_83.tif,1SDV,20170912T001029
91,non_flood_WM3_S1A_IW_GRDH_1SDV_20170912T001029_20170912T001054_018335_01EDA6_7CF2_crop_52.tif,1SDV,20170912T001029
92,non_flood_WM3_S1A_IW_GRDH_1SDV_20170912T001029_20170912T001054_018335_01EDA6_7CF2_crop_124.tif,1SDV,20170912T001029
93,non_flood_WM3_S1A_IW_GRDH_1SDV_20170912T001029_20170912T001054_018335_01EDA6_7CF2_crop_20.tif,1SDV,20170912T001029
94,non_flood_WM3_S1A_IW_GRDH_1SDV_20170912T001029_20170912T001054_018335_01EDA6_7CF2_crop_27.tif,1SDV,20170912T001029
95,non_flood_WM3_S1A_IW_GRDH_1SDV_20170912T001029_20170912T001054_018335_01EDA6_7CF2_crop_123.tif,1SDV,20170912T001029
96,non_flood_WM3_S1A_IW_GRDH_1SDV_20170912T001029_20170912T001054_018335_01EDA6_7CF2_crop_106.tif,1SDV,20170912T001029
97,non_flood_WM3_S1A_IW_GRDH_1SDV_20170912T001029_20170912T001054_018335_01EDA6_7CF2_crop_101.tif,1SDV,20170912T001029
98,non_flood_WM3_S1A_IW_GRDH_1SDV_20170912T001029_20170912T001054_018335_01EDA6_7CF2_crop_79.tif,1SDV,20170912T001029
99,non_flood_WM3_S1A_IW_GRDH_1SDV_20170912T001029_20170912T001054_018335_01EDA6_7CF2_crop_77.tif,1SDV,20170912T001029
100,non_flood_WM3_S1A_IW_GRDH_1SDV_20170912T001029_20170912T001054_018335_01EDA6_7CF2_crop_108.tif,1SDV,20170912T001029
101,non_flood_WM3_S1A_IW_GRDH_1SDV_20170912T001029_20170912T001054_018335_01EDA6_7CF2_crop_70.tif,1SDV,20170912T001029
102,non_flood_WM3_S1A_IW_GRDH_1SDV_20170912T001029_20170912T001054_018335_01EDA6_7CF2_crop_39.tif,1SDV,20170912T001029
103,non_flood_WM3_S1A_IW_GRDH_1SDV_20170912T001029_20170912T001054_018335_01EDA6_7CF2_crop_45.tif,1SDV,20170912T001029
104,non_flood_WM3_S1A_IW_GRDH_1SDV_20170912T001029_20170912T001054_018335_01EDA6_7CF2_crop_94.tif,1SDV,20170912T001029
105,non_flood_WM3_S1A_IW_GRDH_1SDV_20170912T001029_20170912T001054_018335_01EDA6_7CF2_crop_42.tif,1SDV,20170912T001029
106,non_flood_WM3_S1A_IW_GRDH_1SDV_20170912T001029_20170912T001054_018335_01EDA6_7CF2_crop_93.tif,1SDV,20170912T001029
107,non_flood_WM3_S1A_IW_GRDH_1SDV_20170912T001029_20170912T001054_018335_01EDA6_7CF2_crop_30.tif,1SDV,20170912T001029
108,non_flood_WM3_S1A_IW_GRDH_1SDV_20170912T001029_20170912T001054_018335_01EDA6_7CF2_crop_37.tif,1SDV,20170912T001029
109,non_flood_WM3_S1A_IW_GRDH_1SDV_20170912T001029_20170912T001054_018335_01EDA6_7CF2_crop_26.tif,1SDV,20170912T001029
110,non_flood_WM3_S1A_IW_GRDH_1SDV_20170912T001029_20170912T001054_018335_01EDA6_7CF2_crop_122.tif,1SDV,20170912T001029
111,non_flood_WM3_S1A_IW_GRDH_1SDV_20170912T001029_20170912T001054_018335_01EDA6_7CF2_crop_125.tif,1SDV,20170912T001029
112,non_flood_WM3_S1A_IW_GRDH_1SDV_20170912T001029_20170912T001054_018335_01EDA6_7CF2_crop_21.tif,1SDV,20170912T001029
113,non_flood_WM3_S1A_IW_GRDH_1SDV_20170912T001029_20170912T001054_018335_01EDA6_7CF2_crop_82.tif,1SDV,20170912T001029
114,non_flood_WM3_S1A_IW_GRDH_1SDV_20170912T001029_20170912T001054_018335_01EDA6_7CF2_crop_53.tif,1SDV,20170912T001029
115,non_flood_WM3_S1A_IW_GRDH_1SDV_20170912T001029_20170912T001054_018335_01EDA6_7CF2_crop_28.tif,1SDV,20170912T001029
116,non_flood_WM3_S1A_IW_GRDH_1SDV_20170912T001029_20170912T001054_018335_01EDA6_7CF2_crop_85.tif,1SDV,20170912T001029
117,non_flood_WM3_S1A_IW_GRDH_1SDV_20170912T001029_20170912T001054_018335_01EDA6_7CF2_crop_54.tif,1SDV,20170912T001029
118,non_flood_WM3_S1A_IW_GRDH_1SDV_20170912T001029_20170912T001054_018335_01EDA6_7CF2_crop_61.tif,1SDV,20170912T001029
119,non_flood_WM3_S1A_IW_GRDH_1SDV_20170912T001029_20170912T001054_018335_01EDA6_7CF2_crop_119.tif,1SDV,20170912T001029
120,non_flood_WM3_S1A_IW_GRDH_1SDV_20170912T001029_20170912T001054_018335_01EDA6_7CF2_crop_66.tif,1SDV,20170912T001029
121,non_flood_WM3_S1A_IW_GRDH_1SDV_20170912T001029_20170912T001054_018335_01EDA6_7CF2_crop_5.tif,1SDV,20170912T001029
122,non_flood_WM3_S1A_IW_GRDH_1SDV_20170912T001029_20170912T001054_018335_01EDA6_7CF2_crop_68.tif,1SDV,20170912T001029
123,non_flood_WM3_S1A_IW_GRDH_1SDV_20170912T001029_20170912T001054_018335_01EDA6_7CF2_crop_110.tif,1SDV,20170912T001029
124,non_flood_WM3_S1A_IW_GRDH_1SDV_20170912T001029_20170912T001054_018335_01EDA6_7CF2_crop_14.tif,1SDV,20170912T001029
125,non_flood_WM3_S1A_IW_GRDH_1SDV_20170912T001029_20170912T001054_018335_01EDA6_7CF2_crop_13.tif,1SDV,20170912T001029
126,non_flood_WM3_S1A_IW_GRDH_1SDV_20170912T001029_20170912T001054_018335_01EDA6_7CF2_crop_2.tif,1SDV,20170912T001029
127,non_flood_WM3_S1A_IW_GRDH_1SDV_20170912T001029_20170912T001054_018335_01EDA6_7CF2_crop_117.tif,1SDV,20170912T001029
0,non_flood_WM4_S1A_IW_GRDH_1SDV_20170924T001030_20170924T001055_018510_01F303_7AF2_crop_74.tif,1SDV,20170924T001030
1,non_flood_WM4_S1A_IW_GRDH_1SDV_20170924T001030_20170924T001055_018510_01F303_7AF2_crop_73.tif,1SDV,20170924T001030
2,non_flood_WM4_S1A_IW_GRDH_1SDV_20170924T001030_20170924T001055_018510_01F303_7AF2_crop_33.tif,1SDV,20170924T001030
3,non_flood_WM4_S1A_IW_GRDH_1SDV_20170924T001030_20170924T001055_018510_01F303_7AF2_crop_34.tif,1SDV,20170924T001030
4,non_flood_WM4_S1A_IW_GRDH_1SDV_20170924T001030_20170924T001055_018510_01F303_7AF2_crop_48.tif,1SDV,20170924T001030
5,non_flood_WM4_S1A_IW_GRDH_1SDV_20170924T001030_20170924T001055_018510_01F303_7AF2_crop_2.tif,1SDV,20170924T001030
6,non_flood_WM4_S1A_IW_GRDH_1SDV_20170924T001030_20170924T001055_018510_01F303_7AF2_crop_46.tif,1SDV,20170924T001030
7,non_flood_WM4_S1A_IW_GRDH_1SDV_20170924T001030_20170924T001055_018510_01F303_7AF2_crop_90.tif,1SDV,20170924T001030
8,non_flood_WM4_S1A_IW_GRDH_1SDV_20170924T001030_20170924T001055_018510_01F303_7AF2_crop_41.tif,1SDV,20170924T001030
9,non_flood_WM4_S1A_IW_GRDH_1SDV_20170924T001030_20170924T001055_018510_01F303_7AF2_crop_5.tif,1SDV,20170924T001030
10,non_flood_WM4_S1A_IW_GRDH_1SDV_20170924T001030_20170924T001055_018510_01F303_7AF2_crop_50.tif,1SDV,20170924T001030
11,non_flood_WM4_S1A_IW_GRDH_1SDV_20170924T001030_20170924T001055_018510_01F303_7AF2_crop_81.tif,1SDV,20170924T001030
12,non_flood_WM4_S1A_IW_GRDH_1SDV_20170924T001030_20170924T001055_018510_01F303_7AF2_crop_57.tif,1SDV,20170924T001030
13,non_flood_WM4_S1A_IW_GRDH_1SDV_20170924T001030_20170924T001055_018510_01F303_7AF2_crop_86.tif,1SDV,20170924T001030
14,non_flood_WM4_S1A_IW_GRDH_1SDV_20170924T001030_20170924T001055_018510_01F303_7AF2_crop_25.tif,1SDV,20170924T001030
15,non_flood_WM4_S1A_IW_GRDH_1SDV_20170924T001030_20170924T001055_018510_01F303_7AF2_crop_59.tif,1SDV,20170924T001030
16,non_flood_WM4_S1A_IW_GRDH_1SDV_20170924T001030_20170924T001055_018510_01F303_7AF2_crop_88.tif,1SDV,20170924T001030
17,non_flood_WM4_S1A_IW_GRDH_1SDV_20170924T001030_20170924T001055_018510_01F303_7AF2_crop_22.tif,1SDV,20170924T001030
18,non_flood_WM4_S1A_IW_GRDH_1SDV_20170924T001030_20170924T001055_018510_01F303_7AF2_crop_17.tif,1SDV,20170924T001030
19,non_flood_WM4_S1A_IW_GRDH_1SDV_20170924T001030_20170924T001055_018510_01F303_7AF2_crop_10.tif,1SDV,20170924T001030
20,non_flood_WM4_S1A_IW_GRDH_1SDV_20170924T001030_20170924T001055_018510_01F303_7AF2_crop_62.tif,1SDV,20170924T001030
21,non_flood_WM4_S1A_IW_GRDH_1SDV_20170924T001030_20170924T001055_018510_01F303_7AF2_crop_65.tif,1SDV,20170924T001030
22,non_flood_WM4_S1A_IW_GRDH_1SDV_20170924T001030_20170924T001055_018510_01F303_7AF2_crop_19.tif,1SDV,20170924T001030
23,non_flood_WM4_S1A_IW_GRDH_1SDV_20170924T001030_20170924T001055_018510_01F303_7AF2_crop_91.tif,1SDV,20170924T001030
24,non_flood_WM4_S1A_IW_GRDH_1SDV_20170924T001030_20170924T001055_018510_01F303_7AF2_crop_40.tif,1SDV,20170924T001030
25,non_flood_WM4_S1A_IW_GRDH_1SDV_20170924T001030_20170924T001055_018510_01F303_7AF2_crop_4.tif,1SDV,20170924T001030
26,non_flood_WM4_S1A_IW_GRDH_1SDV_20170924T001030_20170924T001055_018510_01F303_7AF2_crop_3.tif,1SDV,20170924T001030
27,non_flood_WM4_S1A_IW_GRDH_1SDV_20170924T001030_20170924T001055_018510_01F303_7AF2_crop_96.tif,1SDV,20170924T001030
28,non_flood_WM4_S1A_IW_GRDH_1SDV_20170924T001030_20170924T001055_018510_01F303_7AF2_crop_47.tif,1SDV,20170924T001030
29,non_flood_WM4_S1A_IW_GRDH_1SDV_20170924T001030_20170924T001055_018510_01F303_7AF2_crop_35.tif,1SDV,20170924T001030
30,non_flood_WM4_S1A_IW_GRDH_1SDV_20170924T001030_20170924T001055_018510_01F303_7AF2_crop_49.tif,1SDV,20170924T001030
31,non_flood_WM4_S1A_IW_GRDH_1SDV_20170924T001030_20170924T001055_018510_01F303_7AF2_crop_32.tif,1SDV,20170924T001030
32,non_flood_WM4_S1A_IW_GRDH_1SDV_20170924T001030_20170924T001055_018510_01F303_7AF2_crop_72.tif,1SDV,20170924T001030
33,non_flood_WM4_S1A_IW_GRDH_1SDV_20170924T001030_20170924T001055_018510_01F303_7AF2_crop_75.tif,1SDV,20170924T001030
34,non_flood_WM4_S1A_IW_GRDH_1SDV_20170924T001030_20170924T001055_018510_01F303_7AF2_crop_64.tif,1SDV,20170924T001030
35,non_flood_WM4_S1A_IW_GRDH_1SDV_20170924T001030_20170924T001055_018510_01F303_7AF2_crop_18.tif,1SDV,20170924T001030
36,non_flood_WM4_S1A_IW_GRDH_1SDV_20170924T001030_20170924T001055_018510_01F303_7AF2_crop_63.tif,1SDV,20170924T001030
37,non_flood_WM4_S1A_IW_GRDH_1SDV_20170924T001030_20170924T001055_018510_01F303_7AF2_crop_11.tif,1SDV,20170924T001030
38,non_flood_WM4_S1A_IW_GRDH_1SDV_20170924T001030_20170924T001055_018510_01F303_7AF2_crop_16.tif,1SDV,20170924T001030
39,non_flood_WM4_S1A_IW_GRDH_1SDV_20170924T001030_20170924T001055_018510_01F303_7AF2_crop_23.tif,1SDV,20170924T001030
40,non_flood_WM4_S1A_IW_GRDH_1SDV_20170924T001030_20170924T001055_018510_01F303_7AF2_crop_24.tif,1SDV,20170924T001030
41,non_flood_WM4_S1A_IW_GRDH_1SDV_20170924T001030_20170924T001055_018510_01F303_7AF2_crop_58.tif,1SDV,20170924T001030
42,non_flood_WM4_S1A_IW_GRDH_1SDV_20170924T001030_20170924T001055_018510_01F303_7AF2_crop_89.tif,1SDV,20170924T001030
43,non_flood_WM4_S1A_IW_GRDH_1SDV_20170924T001030_20170924T001055_018510_01F303_7AF2_crop_56.tif,1SDV,20170924T001030
44,non_flood_WM4_S1A_IW_GRDH_1SDV_20170924T001030_20170924T001055_018510_01F303_7AF2_crop_87.tif,1SDV,20170924T001030
45,non_flood_WM4_S1A_IW_GRDH_1SDV_20170924T001030_20170924T001055_018510_01F303_7AF2_crop_51.tif,1SDV,20170924T001030
46,non_flood_WM4_S1A_IW_GRDH_1SDV_20170924T001030_20170924T001055_018510_01F303_7AF2_crop_80.tif,1SDV,20170924T001030
47,non_flood_WM4_S1A_IW_GRDH_1SDV_20170924T001030_20170924T001055_018510_01F303_7AF2_crop_60.tif,1SDV,20170924T001030
48,non_flood_WM4_S1A_IW_GRDH_1SDV_20170924T001030_20170924T001055_018510_01F303_7AF2_crop_67.tif,1SDV,20170924T001030
49,non_flood_WM4_S1A_IW_GRDH_1SDV_20170924T001030_20170924T001055_018510_01F303_7AF2_crop_69.tif,1SDV,20170924T001030
50,non_flood_WM4_S1A_IW_GRDH_1SDV_20170924T001030_20170924T001055_018510_01F303_7AF2_crop_15.tif,1SDV,20170924T001030
51,non_flood_WM4_S1A_IW_GRDH_1SDV_20170924T001030_20170924T001055_018510_01F303_7AF2_crop_12.tif,1SDV,20170924T001030
52,non_flood_WM4_S1A_IW_GRDH_1SDV_20170924T001030_20170924T001055_018510_01F303_7AF2_crop_27.tif,1SDV,20170924T001030
53,non_flood_WM4_S1A_IW_GRDH_1SDV_20170924T001030_20170924T001055_018510_01F303_7AF2_crop_20.tif,1SDV,20170924T001030
54,non_flood_WM4_S1A_IW_GRDH_1SDV_20170924T001030_20170924T001055_018510_01F303_7AF2_crop_52.tif,1SDV,20170924T001030
55,non_flood_WM4_S1A_IW_GRDH_1SDV_20170924T001030_20170924T001055_018510_01F303_7AF2_crop_83.tif,1SDV,20170924T001030
56,non_flood_WM4_S1A_IW_GRDH_1SDV_20170924T001030_20170924T001055_018510_01F303_7AF2_crop_29.tif,1SDV,20170924T001030
57,non_flood_WM4_S1A_IW_GRDH_1SDV_20170924T001030_20170924T001055_018510_01F303_7AF2_crop_55.tif,1SDV,20170924T001030
58,non_flood_WM4_S1A_IW_GRDH_1SDV_20170924T001030_20170924T001055_018510_01F303_7AF2_crop_84.tif,1SDV,20170924T001030
59,non_flood_WM4_S1A_IW_GRDH_1SDV_20170924T001030_20170924T001055_018510_01F303_7AF2_crop_38.tif,1SDV,20170924T001030
60,non_flood_WM4_S1A_IW_GRDH_1SDV_20170924T001030_20170924T001055_018510_01F303_7AF2_crop_95.tif,1SDV,20170924T001030
61,non_flood_WM4_S1A_IW_GRDH_1SDV_20170924T001030_20170924T001055_018510_01F303_7AF2_crop_44.tif,1SDV,20170924T001030
62,non_flood_WM4_S1A_IW_GRDH_1SDV_20170924T001030_20170924T001055_018510_01F303_7AF2_crop_92.tif,1SDV,20170924T001030
63,non_flood_WM4_S1A_IW_GRDH_1SDV_20170924T001030_20170924T001055_018510_01F303_7AF2_crop_43.tif,1SDV,20170924T001030
64,non_flood_WM4_S1A_IW_GRDH_1SDV_20170924T001030_20170924T001055_018510_01F303_7AF2_crop_7.tif,1SDV,20170924T001030
65,non_flood_WM4_S1A_IW_GRDH_1SDV_20170924T001030_20170924T001055_018510_01F303_7AF2_crop_9.tif,1SDV,20170924T001030
66,non_flood_WM4_S1A_IW_GRDH_1SDV_20170924T001030_20170924T001055_018510_01F303_7AF2_crop_31.tif,1SDV,20170924T001030
67,non_flood_WM4_S1A_IW_GRDH_1SDV_20170924T001030_20170924T001055_018510_01F303_7AF2_crop_36.tif,1SDV,20170924T001030
68,non_flood_WM4_S1A_IW_GRDH_1SDV_20170924T001030_20170924T001055_018510_01F303_7AF2_crop_78.tif,1SDV,20170924T001030
69,non_flood_WM4_S1A_IW_GRDH_1SDV_20170924T001030_20170924T001055_018510_01F303_7AF2_crop_76.tif,1SDV,20170924T001030
70,non_flood_WM4_S1A_IW_GRDH_1SDV_20170924T001030_20170924T001055_018510_01F303_7AF2_crop_71.tif,1SDV,20170924T001030
71,non_flood_WM4_S1A_IW_GRDH_1SDV_20170924T001030_20170924T001055_018510_01F303_7AF2_crop_28.tif,1SDV,20170924T001030
72,non_flood_WM4_S1A_IW_GRDH_1SDV_20170924T001030_20170924T001055_018510_01F303_7AF2_crop_54.tif,1SDV,20170924T001030
73,non_flood_WM4_S1A_IW_GRDH_1SDV_20170924T001030_20170924T001055_018510_01F303_7AF2_crop_85.tif,1SDV,20170924T001030
74,non_flood_WM4_S1A_IW_GRDH_1SDV_20170924T001030_20170924T001055_018510_01F303_7AF2_crop_53.tif,1SDV,20170924T001030
75,non_flood_WM4_S1A_IW_GRDH_1SDV_20170924T001030_20170924T001055_018510_01F303_7AF2_crop_82.tif,1SDV,20170924T001030
76,non_flood_WM4_S1A_IW_GRDH_1SDV_20170924T001030_20170924T001055_018510_01F303_7AF2_crop_21.tif,1SDV,20170924T001030
77,non_flood_WM4_S1A_IW_GRDH_1SDV_20170924T001030_20170924T001055_018510_01F303_7AF2_crop_26.tif,1SDV,20170924T001030
78,non_flood_WM4_S1A_IW_GRDH_1SDV_20170924T001030_20170924T001055_018510_01F303_7AF2_crop_13.tif,1SDV,20170924T001030
79,non_flood_WM4_S1A_IW_GRDH_1SDV_20170924T001030_20170924T001055_018510_01F303_7AF2_crop_68.tif,1SDV,20170924T001030
80,non_flood_WM4_S1A_IW_GRDH_1SDV_20170924T001030_20170924T001055_018510_01F303_7AF2_crop_14.tif,1SDV,20170924T001030
81,non_flood_WM4_S1A_IW_GRDH_1SDV_20170924T001030_20170924T001055_018510_01F303_7AF2_crop_66.tif,1SDV,20170924T001030
82,non_flood_WM4_S1A_IW_GRDH_1SDV_20170924T001030_20170924T001055_018510_01F303_7AF2_crop_61.tif,1SDV,20170924T001030
83,non_flood_WM4_S1A_IW_GRDH_1SDV_20170924T001030_20170924T001055_018510_01F303_7AF2_crop_70.tif,1SDV,20170924T001030
84,non_flood_WM4_S1A_IW_GRDH_1SDV_20170924T001030_20170924T001055_018510_01F303_7AF2_crop_77.tif,1SDV,20170924T001030
85,non_flood_WM4_S1A_IW_GRDH_1SDV_20170924T001030_20170924T001055_018510_01F303_7AF2_crop_79.tif,1SDV,20170924T001030
86,non_flood_WM4_S1A_IW_GRDH_1SDV_20170924T001030_20170924T001055_018510_01F303_7AF2_crop_37.tif,1SDV,20170924T001030
87,non_flood_WM4_S1A_IW_GRDH_1SDV_20170924T001030_20170924T001055_018510_01F303_7AF2_crop_8.tif,1SDV,20170924T001030
88,non_flood_WM4_S1A_IW_GRDH_1SDV_20170924T001030_20170924T001055_018510_01F303_7AF2_crop_30.tif,1SDV,20170924T001030
89,non_flood_WM4_S1A_IW_GRDH_1SDV_20170924T001030_20170924T001055_018510_01F303_7AF2_crop_93.tif,1SDV,20170924T001030
90,non_flood_WM4_S1A_IW_GRDH_1SDV_20170924T001030_20170924T001055_018510_01F303_7AF2_crop_42.tif,1SDV,20170924T001030
91,non_flood_WM4_S1A_IW_GRDH_1SDV_20170924T001030_20170924T001055_018510_01F303_7AF2_crop_6.tif,1SDV,20170924T001030
92,non_flood_WM4_S1A_IW_GRDH_1SDV_20170924T001030_20170924T001055_018510_01F303_7AF2_crop_1.tif,1SDV,20170924T001030
93,non_flood_WM4_S1A_IW_GRDH_1SDV_20170924T001030_20170924T001055_018510_01F303_7AF2_crop_39.tif,1SDV,20170924T001030
94,non_flood_WM4_S1A_IW_GRDH_1SDV_20170924T001030_20170924T001055_018510_01F303_7AF2_crop_94.tif,1SDV,20170924T001030
95,non_flood_WM4_S1A_IW_GRDH_1SDV_20170924T001030_20170924T001055_018510_01F303_7AF2_crop_45.tif,1SDV,20170924T001030
